稚内市,https://www.city.wakkanai.hokkaido.jp/sangyo/shoko/shien/safe_hosyoseido4.html,新型コロナウイルス感染症に関する中小企業・労働者向け支援について／稚内市,
厚生労働省,https://www.mhlw.go.jp/stf/seisakunitsuite/bunya/koyou_roudou/koyou/kyufukin/pageL07_00002.html,新型コロナ休暇支援｜厚生労働省,
大分県,https://www.pref.oita.jp/soshiki/14040/sodanmadoguti1.html,新型コロナウイルスの流行に伴う経営・金融相談窓口の開設について,
沖縄県,https://www.pref.okinawa.jp/site/shoko/keiei/kinyu/safety4.html,中小企業信用保険法第２条第５項第４号（セーフティネット保証４号）の規定に基づく指定について／沖縄県,
東京都,https://www.metro.tokyo.lg.jp/tosei/hodohappyo/press/2020/03/16/12.html,中小企業従業員向けの生活資金融資を実施（第89報）｜東京都,
山口県,https://www.pref.yamaguchi.lg.jp/cms/a16300/kinyuu/202002210001_sp.html,山口県/経営金融課/金融支援班・新型コロナウイルス感染症対策(金融支援),
今帰仁村,https://www.nakijin.jp/pagtop/topics/1661.html,新型コロナウィルス感染症防止のための臨時休業期間について（4月15日更新）／今帰仁村,
滋賀県,https://www.pref.shiga.lg.jp/ippan/shigotosangyou/shigoto/310828.html,新型コロナウイルス感染症の影響により雇用に影響を受けている事業者の皆様へ｜滋賀県ホームページ,
蒲郡市,https://www.city.gamagori.lg.jp/unit/kankoshoko/corona-hojyokin.html,【新型コロナウイルス感染症対策】中小企業者向け信用保証料補助・利子補給制度のご紹介（補助対象融資を追加しました）,
吹田市,https://www.city.suita.osaka.jp/home/soshiki/div-toshimiryoku/chiikikeizai/soudann.html,吹田市｜【事業所の皆様へ】新型コロナウイルス感染症に関する情報（相談窓口の設置、緊急資金の創設等）について,
平塚市,http://www.city.hiratsuka.kanagawa.jp/kenko/page99_00038.html,新型コロナウイルス感染症に関するその他の関連情報,
新見市,https://www.city.niimi.okayama.jp/important/important_detail/index/292.html,新型コロナウイルス感染症の影響により納税が困難な方へ徴収の猶予制度があります,
札幌市,https://www.city.sapporo.jp/kinkyu/seikatsushien/202003/index.html,生活支援ガイド／札幌市,
愛川町,https://www.town.aikawa.kanagawa.jp/shisetsu/corona/1585128531849.html,スポーツ施設の休館および学校施設開放の休止について／愛川町ホームページ,
高野町,https://www.town.koya.wakayama.jp/kurashi/korona/12483.html,高野町,
大井町,https://www.town.oi.kanagawa.jp/soshiki/17/corona-kyuuhu.html,新型コロナウイルス感染症関係の給付金などの詳細は未定です,
府中市,https://www.city.fuchu.tokyo.jp/kyoiku/gako/kyushoku/20200403.html,新型コロナウイルス感染症に伴う臨時休校にかかる学校給食費（4月分）の取扱いについて　東京都府中市ホームページ,
福島県,http://www.pref.fukushima.lg.jp/sec/21025a/kinkyukoguchishikintou.html,新型コロナウイルス感染症の影響による休業等に関する生活福祉資金（緊急小口資金等）特例貸付について,
神奈川県,https://www.pref.kanagawa.jp/docs/m6c/prs/r4725790.html,新型コロナウイルス感染症により事業活動に影響を受けている中小企業者の皆さまへの支援を拡大します！,
厚生労働省,https://www.mhlw.go.jp/stf/newpage_10605.html,新型コロナウイルス感染症による小学校休業等対応助成金・支援金の延長について,
船橋市,https://www.city.funabashi.lg.jp/jigyou/shoukou/002/corona-jigyosha.html,新型コロナウィルス感染症に関する中小企業者（農林漁業者を含む）・労働者への支援｜船橋市公式ホームページ,
青梅市,https://www.city.ome.tokyo.jp/soshiki/23/19405.html,新型コロナウイルス感染症の影響により廃棄物処理手数料の納付が困難な事業主の方へ,
中間市,https://www.city.nakama.lg.jp/sangyo/shokogyo/corona_tyusyoushien.html,,
福岡県,https://www.pref.fukuoka.lg.jp/contents/200311shiensaku.html,新型コロナウイルスに関する農林漁業者の相談窓口の開設と支援制度について,
和歌山県,https://www.pref.wakayama.lg.jp/prefg/060300/gyoumu/kinyuu/sangyoushien.html,和歌山県中小企業融資制度のご案内,
神奈川県,https://www.pref.kanagawa.jp/docs/m6c/prs/r3217920.html,新型コロナウイルスの流行により事業活動に影響を受けている中小企業の皆さまに金融支援を実施します,
川西市,https://www.city.kawanishi.hyogo.jp/kurashi/kodomo/1010345/index.html,新型コロナウイルス感染症拡大に伴う市立保育所・認定こども園での保育料・育児休業からの復職などの取扱いについて｜川西市,
沖縄県,https://www.pref.okinawa.jp/site/kodomo/shonenkodomo/seishonen/h30kouryuuouenhojyojigyou.html,企業・団体における交流応援補助事業のご案内について／沖縄県,
湯河原町,https://www.town.yugawara.kanagawa.jp/life/jougesuidou/p04470.html,湯河原町,
貝塚市,https://www.city.kaizuka.lg.jp/juyona_oshirase/27049.html,新型コロナウイルス感染症の影響による市税等の納付が困難な方へ／貝塚市,
仁木町,http://www.town.niki.hokkaido.jp/mobile/section/sangyouka/immd6j0000004e99.html,新型コロナウイルス感染症緊急貸付信用保証料補助金交付要綱の制定等について,
栃木県,http://www.pref.tochigi.lg.jp/f03/koronayuushi.html,栃木県／新型コロナウイルス感染症による影響を受けた中小企業に対する融資等の支援策について,
横手市,https://www.city.yokote.lg.jp/index.html,横手市,
春日部市,https://www.city.kasukabe.lg.jp/oshirase/shien.html,新型コロナウイルスに関する各種対応・支援制度／春日部市公式ホームページ,
枚方市,https://www.city.hirakata.osaka.jp/0000027992.html,新型コロナウイルス感染症に係るひとり親等のための休業手当金制度を延長しました。,
美馬市,http://www.city.mima.lg.jp/gyousei/kurashi/kakusyu/zeikin-p/COVID-19_taisaku_zei.html,美馬市,
嘉麻市,http://www.city.kama.lg.jp/site/coronavirus/index.html,新型コロナウイルス感染症について,
赤平市,http://www.city.akabira.hokkaido.jp/lifeevent/kosodate/index.html,子育て・教育,
富田林市,https://www.city.tondabayashi.lg.jp/soshiki/34/37528.html,新型コロナウイルス感染症による小学校休業等対応助成金について,
箕面市,https://www.city.minoh.lg.jp/bousai/20200228.html,新型コロナウイルスに関する緊急情報／箕面市,
函館市,https://www.city.hakodate.hokkaido.jp/docs/2020020300117/index.html,新型コロナウイルス関連肺炎の流行に伴う中小企業者等の皆様への支援について,
東通村,http://www.vill.higashidoori.lg.jp/keiki/page000156.html,【事業者の皆様へ】新型コロナウイルス感染症の影響を受ける事業者への支援策について,
名寄市,http://www.city.nayoro.lg.jp/mobile/section/hoken/prkeql0000026oq7.html,北海道名寄市｜,
山田町,https://www.town.yamada.iwate.jp/jigyousya/jigyousyashien/index.html,事業者支援,
大竹市,https://www.city.otake.hiroshima.jp/kinkyu/1582847527286.html,緊急情報／大竹市ホームページ,
広島県,https://www.pref.hiroshima.lg.jp/soshiki/60/seikatsufukushishikin.html,新型コロナウイルス感染症の影響により生活資金にお困りの方へ,
早島町,http://www.town.hayashima.lg.jp/sitemap.html,サイトマップ／早島町ホームページ,
長野原町,http://www.town.naganohara.gunma.jp/www/contents/1585355345915/index.html,新型コロナウイルス感染症の拡大に伴う事業者向け緊急経済支援について,
桐生市,https://www.city.kiryu.lg.jp/kurashi/kenko/kansensho/1016797.html,新型コロナウイルス感染症の影響に伴う市税・公共料金の支払いに関する相談等について｜桐生市ホームページ,
新潟県,https://www.pref.niigata.lg.jp/site/zeimu/syuzei-200323koronatyousyuyuuyo.html,新型コロナウイルス感染症の影響により納税が困難な方には猶予制度があります,
扶桑町,https://www.town.fuso.lg.jp/shunou/020413.html,扶桑町／新型コロナウイルス感染症の影響により町税などの納付が困難な方へ,
宗像市,https://www.city.munakata.lg.jp/w031/010/030/0050/20200330150613.html,臨時休校に伴う赤間駅及び東郷駅自転車等駐車場学生定期券の使用料の返還について,
埼玉県,https://www.pref.saitama.lg.jp/a0701/messeage2020022802.html,新型コロナウイルス感染症に関する知事メッセージについて（2月28日15時45分テキスト版）,
幕別町,https://www.town.makubetsu.lg.jp/tokubetsu/2020-0331-1300-44.html,新型コロナウイルス感染症の影響により各種料金等の納付が困難な方へ｜特別なお知らせ｜幕別町,
桶川市,https://www.city.okegawa.lg.jp/kurashi/zei/noufu/nouzei/7780.html,新型コロナウイルス感染症の影響により納税が困難な方に対する地方税の猶予制度について／桶川市,
御坊市,https://www.city.gobo.wakayama.jp/topics/1584947442555.html,新型コロナウイルス感染症の影響により納税が困難な方へ／御坊市ホームページ,
岩手県,https://www.pref.iwate.jp/sangyoukoyou/nourinsuisan/1028907.html,岩手県,
鹿島市,https://www.city.saga-kashima.lg.jp/main/19851.html,市税の猶予制度（新型コロナウイルス関連）,
藤井寺市,https://www.city.fujiidera.lg.jp/soshiki/kenkou_fukushi/kenko/osirase/10466.html,新型コロナウイルス感染症による生活不安に対するための緊急措置等について／藤井寺市,
高槻市,http://www.city.takatsuki.osaka.jp/important/coronajoho/index.html,新型コロナウイルス感染症関連情報（トップページ）／高槻市ホームページ,
名護市,http://www.city.nago.okinawa.jp/articles/2020040800017/index.html,新型コロナウイルス感染症による小学校休業等に対する支援・助成について,
熊本県,https://www.pref.kumamoto.jp/kiji_31768.html,,
熊取町,https://www.town.kumatori.lg.jp/jyuyou_oshirase/1585137101886.html,,
神奈川県,https://www.pref.kanagawa.jp/docs/u5t/coronavirus.html,新型コロナウイルス感染症の対応について,
東京都,https://www.metro.tokyo.lg.jp/tosei/hodohappyo/press/2020/03/27/14.html,中小企業従業員融資の申込受付を開始（第119報）｜東京都,
京都府,https://www.pref.kyoto.jp/kinyu/taisaku.html,京都府中小企業金融対策のトピック／京都府ホームページ,
堺市,https://www.city.sakai.lg.jp/sangyo/shienyuushi/other/corona_matome.html,新型コロナウイルス感染症関連の事業者向け支援策について　堺市,
大分県,https://www.pref.oita.jp/soshiki/15340/index.html,団体指導・金融課,
生駒市,https://www.city.ikoma.lg.jp/0000021363.html,【新型コロナウイルス】コロナフリーキャンペーンを実施します,
蒲郡市,https://www.city.gamagori.lg.jp/site/hokencenter/covid-19news2.html,新型コロナウイルス感染症拡大に伴う各種相談窓口について,
東京都,https://www.metro.tokyo.lg.jp/tosei/hodohappyo/press/2020/02/26/22.html,労働相談情報センター,
環境省,http://www.env.go.jp/nature/np/ryokakuzei00/index.html,環境省_令和２年度地方公共団体・事業者向け支援事業【令和２年度補正予算（案）及び国際観光旅客税等】,
大和高田市,https://www.city.yamatotakada.nara.jp/life/sangyo/shogyo/post-10.html,小規模事業者持続化補助金（一般型、一次公募）における新型コロナウイルス感染症の影響を受けた事業者への証明書の発行について,
中能登町,https://www.town.nakanoto.ishikawa.jp/kinkyu/5805.html,,
茨城県,https://www.pref.ibaraki.jp/shokorodo/rosei/rodo/wlb/coronasoudan.html,【事業者向け】新型コロナウイルス対応助成金等相談会を実施します／茨城県,
松伏町,http://www.town.matsubushi.lg.jp/www/contents/1586491240622/index.html,農業経営者に係る『新型コロナウイルス感染症による小学校休業等対応助成金』及び『新型コロナウイルス感染症による緊急特定地域特別雇用安定助成金』について,
厚生労働省,https://www.mhlw.go.jp/stf/newpage_09477.html,新型コロナウイルス感染症の影響に伴う雇用調整助成金の特例を実施します,
徳之島町,https://www.tokunoshima-town.org/zeimuka/kurashi/zekin/shingatakoronauirusunoeikyoniyorinozeigakonnannakatahe.html,徳之島町／新型コロナウイルスの影響により納税が困難な方へ,
東京都,https://www.metro.tokyo.lg.jp/tosei/hodohappyo/press/2020/03/05/26.html,金融・経営面から中小企業支援を開始（第69報）｜東京都,
出雲市,http://www.city.izumo.shimane.jp/www/contents/1583132123405/index.html,,
浜松市,https://www.city.hamamatsu.shizuoka.jp/kanko/corona/index.html,浜松飲食店応援サイト／浜松市,
あま市,https://www.city.ama.aichi.jp/kurashi/iinkai/kyoiku/1006361.html,新型コロナウイルスに関連した市内小中学校の対応について（4月から）｜あま市公式ウェブサイト,
寝屋川市,https://www.city.neyagawa.osaka.jp/organization_list/fukushi/hogo/sonota/1584924651409.html,,
高島市,http://www.city.takashima.lg.jp/www/contents/1583294731939/index.html,セーフティネット保証第4号の認定について（新型コロナウイルス感染症関連）,
宇治田原町,https://www.town.ujitawara.kyoto.jp/0000002596.html,新型コロナウイルス感染症の影響により町税や国民健康保険税を一時的に納付できない方のための猶予制度について,
富良野市,http://www.city.furano.hokkaido.jp/docs/2020033000059/index.html,新型コロナウイルス感染症の影響により上下水道料金のお支払が困難な方へ,
横手市,https://www.city.yokote.lg.jp/fukushi/page000080.html,新型コロナウイルス感染症の影響による生活相談について,
厚生労働省,https://www.mhlw.go.jp/stf/newpage_10259.html,新型コロナウイルス感染症による小学校休業等対応助成金・支援金の申請受付を開始します,
五戸町,https://www.town.gonohe.aomori.jp/sangyo/2020-0310-1122-81.html,新型コロナウイルス感染症の影響を受ける中小企業者の皆様へ,
広島県,https://www.pref.hiroshima.lg.jp/soshiki/75/020228korona.html,新型コロナウイルス感染症の影響を受ける中小企業者等のみなさまへ,
池田町,https://www.town.hokkaido-ikeda.lg.jp/kenko/index.html,健康・福祉／北海道池田町,
霧島市,https://www.city-kirishima.jp/suidoukanri/20200413.html,鹿児島県霧島市｜新型コロナウイルス感染症の影響により水道料金・下水道使用料のお支払いが困難な方へ,
扶桑町,https://www.town.fuso.lg.jp/gesui/sinngatakorona.html,扶桑町／新型コロナウイルス感染症の影響により水道料金・下水道使用料のお支払いが困難な方へ,
黒石市,http://www.city.kuroishi.aomori.jp/news/sangyou/corona_jigyousya_shien.html,新型コロナウイルス感染症の影響を受ける事業者等への支援策,
宮代町,https://www.town.miyashiro.lg.jp/0000014339.html,新型コロナウイルス感染症の影響により納税が困難な方に対する地方税における猶予制度,
田上町,http://www.town.tagami.niigata.jp/pickup/2019/2020-0325-0853-53.html,新型コロナウイルス感染症拡大の影響に伴う雇用継続支援について｜2019年度｜注目情報｜田上町,
神奈川県,https://www.pref.kanagawa.jp/docs/m6c/cnt/f5782/p848952.html,中小企業のための相談窓口(金融相談又は経営相談),
桜井市,https://www.city.sakurai.lg.jp/sosiki/kikikanrikan/kikikanrika/corona/1582863618276.html,新型コロナウイルス感染症に関する情報／桜井市ホームページ,
新見市,https://www.city.niimi.okayama.jp/kurashi/kurashi_detail/index/11505.html,新型コロナウイルス感染症対策のための児童見守り体制をお知らせします,
奈良市,http://www.city.nara.lg.jp/site/coronavirus/64048.html,危機関連保証申請手続きについて（新型コロナウイルス感染症対策）,
龍郷町,https://www.town.tatsugo.lg.jp/hokenfukushi/kurashi/kenko/korona-hitori.html,ひとり親家庭生活資金緊急融資（コロナ関連）｜鹿児島県龍郷町,
豊後高田市,https://www.city.bungotakada.oita.jp/page/page_05274.html,新型コロナウイルスにかかる「緊急経済対策・各種支援制度説明会」の開催について,
今帰仁村,https://www.nakijin.jp/pagtop/topics/index.html,トピックス／今帰仁村,
国分寺市,https://www.city.kokubunji.tokyo.jp/kurashi/1008592/1022636/index.html,新型コロナウイルス関連情報｜国分寺市,
和泉市,http://www.city.osaka-izumi.lg.jp/topics/12333.html,臨時休業による学校給食費の返金について／和泉市,
ふじみ野市,https://www.city.fujimino.saitama.jp/kinkyu/6577.html,【4月10日更新】新型コロナウイルス感染症に関する保育園の自粛及び保育料の減免／ふじみ野市,
沖縄県,https://www.pref.okinawa.jp/site/somu/zeimu/choshu/korona.html,新型コロナウイルス感染症の影響により納税が困難な方へ／沖縄県,
枚方市,https://www.city.hirakata.osaka.jp/0000027997.html,新型コロナウイルス感染症対応緊急資金にかかる信用保証料の交付について,
四條畷市,https://www.city.shijonawate.lg.jp/soshiki/14/17615.html,【中小企業者向け】新型コロナウイルス感染症に係る支援について,
横手市,https://www.city.yokote.lg.jp/shoko/sam1_page000118.html,新型コロナウイルス感染症に関する中小企業者支援について,
福岡県,https://www.pref.fukuoka.lg.jp/contents/corona-020403.html,４月１日から新型コロナウイルス感染症に関する経営相談窓口に「フリーダイヤル経営相談窓口」を開設しました,
能勢町,https://www.town.nose.osaka.jp/topics/index.html,トピックス／能勢町,
東大阪市,https://www.city.higashiosaka.lg.jp/0000027097.html,大阪府が緊急事態措置に関する府民・事業者向けコールセンターを設置,
那賀町,http://www.town.tokushima-naka.lg.jp/gyosei/sangyo/rodo/index.html,労働・雇用,
白浜町,https://www.town.shirahama.wakayama.jp/gyousei/1586501815163.html,白浜町小規模事業者等貸付利子補給補助事業／白浜町ホームページ,
岩手県,https://www.pref.iwate.jp/kensei/zei/genmen/1028213.html,岩手県,
日野市,https://www.city.hino.lg.jp/sangyo/chusho/yuushi/1013989.html,新型コロナウイルス感染症対応運転資金融資あっせん（別枠）｜日野市公式ホームページ,
仙台市,https://www.city.sendai.jp/kikakushien/covid_19_2020.html,新型コロナウイルスに関する中小企業者向け情報｜仙台市,
厚生労働省,https://www.mhlw.go.jp/stf/newpage_09927.html,新型コロナウイルスに伴う教育訓練給付制度に関するQ&A,
盛岡市,https://www.city.morioka.iwate.jp/kenkou/kenko/1029832/1030156.html,【事業者及び勤労者の方へ】新型コロナウイルス感染症の流行に伴う商工業関連支援について【4月14日更新】,
上田市,https://www.city.ueda.nagano.jp/soshiki/shoko/22398.html,新型コロナウイルス感染拡大に関連して各機関が実施している事業者等向け支援策について,
熊本県,https://www.pref.kumamoto.jp/kiji_31850.html,,
広島県,https://www.pref.hiroshima.lg.jp/site/kyouiku/06senior-2nd-syougakukin-kinkyu-corona.html,広島県高等学校等奨学金（緊急募集）について（新型コロナウイルス感染症対応）,
早島町,http://www.town.hayashima.lg.jp/emergency/1584949618686.html,新型コロナウイルス感染症の影響により納税が困難な方に対する地方税における猶予制度について／早島町ホームページ,
宮城県,http://www.pref.miyagi.jp/soshiki/nosin/keieisodan.html,「新型コロナウイルスに関する農業経営相談窓口」の設置について,
高知県,https://www.pref.kochi.lg.jp/soshiki/110501/2020031700036.html,新型コロナウイルス感染症の影響により県税の納税が困難な方へ,
穴水町,http://www.town.anamizu.ishikawa.jp/covid-19.html,新型コロナウイルス感染症に関する情報,
匝瑳市,https://www.city.sosa.lg.jp/page/page003091.html,市民の皆様へ市長からのメッセージ&nbsp;|&nbsp;匝瑳市公式ホームページ,
千代田区,https://www.city.chiyoda.lg.jp/koho/kuse/koho/pressrelease/r2/r203/20200302.html,千代田区ホームページ,
栃木県,http://www.pref.tochigi.lg.jp/f03/koronarishi.html,栃木県／新型コロナウイルス感染症緊急対策資金利子補給事業の御案内,
新篠津村,https://www.vill.shinshinotsu.hokkaido.jp/hotnews/detail/00000726.html,新篠津村中小企業新型コロナウイルス感染症対策特別融資制度の創設について,
愛媛県,https://www.pref.ehime.jp/h37100/sikin/index.html,愛媛県庁／水産制度資金,
熊本県,https://www.pref.kumamoto.jp/kiji_31524.html,,
金融庁,https://www.fsa.go.jp/ordinary/coronavirus202001/press.html,新型コロナウイルス感染症関連情報：金融庁,
島根県,https://www.pref.shimane.lg.jp/industry/norin/nougyo/sikin/R2shingatakorona.html,島根県：令和２年新型コロナウィルス感染症対策資金のご案内について（トップ,
沖縄県,https://www.pref.okinawa.jp/site/shoko/keiei/kinyu/yuushiseido.html,沖縄県の融資制度／沖縄県,
農林水産省,https://www.maff.go.jp/kyusyu/202003.html,新型コロナウイルスに関する情報：九州農政局,
平塚市,http://www.city.hiratsuka.kanagawa.jp/kigyo/page-c_01650.html,新型コロナウイルス感染症に対する本市の中小企業の相談窓口,
さくら市,https://www.city.tochigi-sakura.lg.jp/site/shingatakorona/kogakudou.html,新型コロナウイルス感染症防止のための学校の臨時休業に伴う学童対応について,
文京区,https://www.city.bunkyo.lg.jp/kyoiku/kyoiku/corona.html,文京区,
神奈川県,https://www.pref.kanagawa.jp/docs/jf2/coronavirus2020/index.html,新型コロナウイルス感染症の流行により影響を受けている事業者の皆様へ,
大空町,http://www.town.ozora.hokkaido.jp/docs/2020022800011/index.html,新型コロナウイルスに関する緊急速報,
錦町,http://www.nishiki-machi.com/docs/2020040600013/index.html,新型コロナウイルス感染症の感染拡大により影響を受けた中小企業・個人事業主の皆様を支援します,
弥富市,https://www.city.yatomi.lg.jp/kurashi/1000103/1003655.html,新型コロナウィルス感染症の影響により国民健康保険税、後期高齢者医療保険料、介護保険料、国民年金保険料の納付が困難な方へ｜弥富市公式ホームページ,
丸森町,http://www.town.marumori.miyagi.jp/syoukokanko/shoukou/COVID-19_business_support.html,丸森町,
会津若松市,https://www.city.aizuwakamatsu.fukushima.jp/docs/2020031200017/index.html,新型コロナウィルス感染症に関連した事業者支援について,
経済産業省,https://www.meti.go.jp/information/publicoffer/kobo/2020/k200317002.html,令和元年度マスク生産設備導入支援事業費補助金に係る補助事業者の公募について,
熊本県,https://www.pref.kumamoto.jp/kiji_31533.html,,
会津若松市,https://www.city.aizuwakamatsu.fukushima.jp/docs/2020032400010/index.html,新型コロナウイルス感染症に関連した経済支援策について,
札幌市,https://www.city.sapporo.jp/citytax/osameru/korona.html,新型コロナウイルス感染症の発生に伴う納税の猶予について／札幌市,
東郷町,https://www.town.aichi-togo.lg.jp/kosodate/shien/kenkou/kosodate/jidoukan/houkago/houkago_bentou.html,東郷町／放課後児童クラブで宅配弁当を有料で提供します,
神栖市,https://www.city.kamisu.ibaraki.jp/iryo_fks/1006048/1006287/1006218.html,後期高齢者医療保険料の納付が困難な方へ,
枚方市,https://www.city.hirakata.osaka.jp/0000028228.html,新型コロナウイルス感染症の影響により水道料金等のお支払いが困難な方へ,
立科町,https://www.town.tateshina.nagano.jp/0000001463.html,新型コロナウイルス感染拡大の影響による休業等で、生活資金にお悩みの皆さまへ,
湯河原町,https://www.town.yugawara.kanagawa.jp/life/tax/p04469.html,湯河原町,
南知多町,https://www.town.minamichita.lg.jp/kosodate/gakkou/1002589.html,【4月10日更新】新型コロナウイルス感染予防対策による小学校への「自主登校教室」設置のお知らせ｜南知多町公式ウェブサイト,
岡垣町,https://www.town.okagaki.lg.jp/s027/050/030/070/20200310145957.html,新型コロナウイルス感染症の拡大に伴う中小企業者支援について,
深川市,https://www.city.fukagawa.lg.jp/cms/section/kenkofuk/gm9h2g000000c06u.html,北海道深川市｜,
浦安市,https://www.city.urayasu.lg.jp/fukushi/yobou/kansen/1028485/1029180.html,生活支援臨時給付金（仮称）について｜浦安市公式サイト,
東金市,https://www.city.togane.chiba.jp/0000007605.html,新型コロナウイルスに関連した肺炎にご注意ください,
長崎市,https://www.city.nagasaki.lg.jp/shimin/150000/152000/p034370.html,長崎市│新型コロナウイルス感染症の影響により水道料金等のお支払いが困難な方へ,
厚生労働省,https://www.mhlw.go.jp/stf/newpage_10792.html,新型コロナウイルス感染症に係る雇用維持等に対する配慮及び感染拡大防止に向けた取組みについて要請しました,
厚生労働省,https://www.mhlw.go.jp/stf/newpage_09571.html,新型コロナウイルス感染症の現在の状況と厚生労働省の対応について（令和２年２月17日版）,
久留米市,https://www.city.kurume.fukuoka.jp/1070sangyou/2030shoukougyou/3010shienseido/2020-0316-1140-74.html,久留米市：新型コロナウイルス感染症の影響を受けている中小企業者を支援します,
青森県,http://www.pref.aomori.lg.jp/sangyo/job/singatakorona.html,新型コロナウィルス感染症に関する事業主の方への支援情報,
厚生労働省,https://www.mhlw.go.jp/stf/newpage_09513.html,新型コロナウイルス感染症関連特別融資について,
山鹿市,https://www.city.yamaga.kumamoto.jp/www/contents/1584001133691/index.html,新型コロナウィルス感染症に伴う中小企業金融支援支援（利子補給）について,
府中市,https://www.city.fuchu.tokyo.jp/kenko/shogai/shogainoarukata/idousien.html,新型コロナウイルス感染症拡大防止等のための移動支援事業の取扱いについて　東京都府中市ホームページ,
池田町,https://www.town.ikeda.fukui.jp/jigyousya/business/1653/p002542.html,新型コロナウイルス感染症に関する事業者向け相談窓口について,
萩市,https://www.city.hagi.lg.jp/soshiki/107/h31487.html,新型コロナウイルス感染症に伴う萩市経済対策(第2弾)「がんばろう萩！地域経済活性化支援対策」の実施について,
京都府,https://www.pref.kyoto.jp/sangyoshigoto/shinchaku/index.html,産業・しごと：新着情報／京都府ホームページ,
金沢市,https://www4.city.kanazawa.lg.jp/17021/tyuyuushi/index.html,中小企業融資　トップページ,
直方市,https://www.city.nogata.fukuoka.jp/kyoikubunka/_2472/_8702.html,直方市公式ホームページ｜【期間再延長】＜公共施設＞休館・使用料の返金のお知らせ（新型コロナウイルス感染症対策）,
大分県,https://www.pref.oita.jp/soshiki/12000/index.html,福祉保健企画課,
吹田市,https://www.city.suita.osaka.jp/home/soshiki/div-suido/somu/noufusoudan.html,吹田市｜新型コロナウイルス感染症の影響により上下水道料金のお支払いが困難な方へ,
愛媛県,https://www.pref.ehime.jp/h10500/kojinjigyo/kojin_kigenencho.html,愛媛県庁／新型コロナウイルス感染症拡大に伴う県税の特例措置について,
弘前市,https://www.city.hirosaki.aomori.jp/kurashi/zeikin/corona-soudan.html,新型コロナウイルス感染症に伴う市税等の納付相談について,
宇陀市,https://www.city.uda.nara.jp/oshirase/index.html,宇陀市／おしらせ,
埼玉県,https://www.pref.saitama.lg.jp/a0602/top-news/nw2020040301.html,新型コロナウイルス感染症の影響を踏まえた緊急小口資金等の特例貸付の実施について,
宇美町,https://www.town.umi.lg.jp/soshiki/38/13737.html,,
美唄市,http://www.city.bibai.hokkaido.jp/jyumin/docs/2020022600024/index.html,新型コロナウイルス感染症の影響を受けている事業者への支援策等について,
相模原市,https://www.city.sagamihara.kanagawa.jp/shisei/koho/1019896.html,新型コロナウイルス感染症に関する市への電話相談（4月15日更新）｜相模原市,
天理市,https://www.city.tenri.nara.jp/info/1583197957854.html,セーフティーネット保証4号認定について／天理市ホームページ,
輪島市,https://www.city.wajima.ishikawa.jp/article/2020030300015/index.html,,
あま市,https://www.city.ama.aichi.jp/kurashi/fukushi/1006374.html,新型コロナウイルスに関連した障害福祉サービス等事業所の対応について｜あま市公式ウェブサイト,
さくら市,https://www.city.tochigi-sakura.lg.jp/site/shingatakorona/tyousyu-yuuyo2020.html,「新型コロナウイルス感染症」の影響により水道料金・下水道使用料の支払いが困難な方に対し、支払い期限の延長の申込を受付けます。,
幕別町,https://www.town.makubetsu.lg.jp/tokubetsu/2020-0331-1113-44.html,新型コロナウイルス感染症の影響による税金等のご相談について｜特別なお知らせ｜幕別町,
山口県,https://www.pref.yamaguchi.lg.jp/cms/a11000/sodan/koronasoudan_sp.html,山口県/広報広聴課/相談・新型コロナウイルスに関連する各種相談窓口について,
神奈川県,https://www.pref.kanagawa.jp/docs/jf2/prs/korona.html,新型コロナウイルスの流行により影響を受ける県内中小企業に対する「経営相談窓口」を設置します,
登別市,http://www.city.noboribetsu.lg.jp/article/2020040700010/index.html,市税・保険料等の納付が困難な方へ,
枚方市,https://www.city.hirakata.osaka.jp/0000028001.html,新型コロナウィルス感染症に伴う母子父子寡婦福祉資金の貸付及び償還金の支払猶予について,
西尾市,https://www.city.nishio.aichi.jp/keywords/index.cfm/1.-.kwstring.10.html,子育て,
八千代市,https://www.city.yachiyo.chiba.jp/42000/page100042.html,徴収猶予の「特例制度」（案）のお知らせ,
酒々井町,https://www.town.shisui.chiba.jp/docs/2020033100049/index.html,新型コロナウィルス感染症の影響により町税の納付が困難な方へ,
和歌山県,https://www.pref.wakayama.lg.jp/prefg/040100/d00203630.html,新型コロナウイルス感染症の影響を踏まえた生活福祉資金貸付制度における緊急小口資金等の特例貸付の実施について,
東京都,https://www.metro.tokyo.lg.jp/tosei/hodohappyo/press/2020/04/07/23.html,新型コロナウイルスに関連した患者の発生（第162報）｜東京都,
新得町,https://www.shintoku-town.jp/oshirase/index.html,エラーページ,
滋賀県,https://www.pref.shiga.lg.jp/ippan/shigotosangyou/kigyou/309500.html,新型コロナウィルスに関する県内事業者向け相談窓口の設置について｜滋賀県ホームページ,
奄美市,https://www.city.amami.lg.jp/zeimu/machi/zekin/yuuyo.html,新型コロナの影響により市税・保険料等の納付が困難となられた方へ／鹿児島県奄美市,
埼玉県,https://www.pref.saitama.lg.jp/a0209/z-kouhou/sinkoku-nouhu-kigen-no-encyo.html,県税等の対応について（新型コロナウイルス関係）,
三木市,https://www.city.miki.lg.jp/soshiki/24/22126.html,新型コロナウイルスの影響による収入減でお困りの方へ,
野沢温泉村,http://www.vill.nozawaonsen.nagano.jp/business/W004H0000038.html,新型コロナウイルス感染症の影響に対する金融支援について‐野沢温泉村,
群馬県,https://www.pref.gunma.jp/06/g09g_00338.html,群馬県,
熊本県,https://www.pref.kumamoto.jp/kiji_32128.html,,
茨城県,https://www.pref.ibaraki.jp/somu/zeimu/choshu/yuuyoseido.html,新型コロナウイルス感染症等により、県税を一時に納付できない方のために猶予制度があります／茨城県,
菊陽町,http://www.town.kikuyo.lg.jp/list00166.html,,
豊山町,https://www.town.toyoyama.lg.jp/chosei/yakuba-annai/1001336/1002792.html,一時的な資金の緊急貸付について（新型コロナウィルス感染症の影響による休業や失業で、生活資金でお悩みの方へ）【更新日：3月30日】｜豊山町公式ウェブサイト,
箕輪町,https://www.town.minowa.lg.jp/sangyo/sangyo0137.html,新型コロナウイルスに対する経済的支援・相談について,
厚岸町,https://www.akkeshi-town.jp/kurashi/work/yuushi/shiensoudan/index.html,新型コロナウイルス関連肺炎の流行に伴う支援制度や相談窓口,
長崎市,https://www.city.nagasaki.lg.jp/index.html,長崎市ホームページ,
神河町,https://www.town.kamikawa.hyogo.jp/0000001418.html,新型コロナウイルス感染症対策のための幼・小・中学校一斉臨時休校・休園について（4月13日更新）,
群馬県,https://www.pref.gunma.jp/04/a43g_00031.html,群馬県,
気仙沼市,https://www.kesennuma.miyagi.jp/sec/s142/010/010/010/010/20200319145327.html,新型コロナウイルス感染症の影響により 市ガス上下水道料金のお支払いが困難な方へ,
北茨城市,http://www.city.kitaibaraki.lg.jp/docs/2015022000035/index.html,中小企業信用保険法について,
吉岡町,https://www.town.yoshioka.gunma.jp/kurashi/zeikin/nozei/yuuyo.html,地方税における猶予制度について|吉岡町ホームページ,
白河市,http://www.city.shirakawa.fukushima.jp/page/page005614.html,白河市新型コロナウイルス感染症対策資金にかかる支援&nbsp;|&nbsp;白河市公式ホームページ,
摂津市,https://www.city.settsu.osaka.jp/soshiki/seikatukannkyou/sangyoushinkouka/yuushi/12326.html,【事業所の皆様へ】新型コロナウイルスに関する情報（支援策パンフレット、緊急資金の創設、セーフティネット保証他）について／摂津市,
鎌倉市,https://www.city.kamakura.kanagawa.jp/kisya/index.html,鎌倉市／記者発表資料,
交野市,https://www.city.katano.osaka.jp/docs/2020041000027/index.html,「新型コロナウイルス感染症による小学校休業等対応支援金（委託を受けて個人で仕事をする方向け）の創設」について,
浦安市,https://www.city.urayasu.lg.jp/kodomo/hoiku/hoikuen/1028963.html,新型コロナウイルス感染症に伴う育児休業復職期限の延長について｜浦安市公式サイト,
深川市,https://www.city.fukagawa.lg.jp/cms/section/shokoro/gm9h2g000000difn.html,北海道深川市｜,
山口県,https://www.pref.yamaguchi.lg.jp/cms/a16300/kinyuu/202002210001.html,山口県/経営金融課/金融支援班・新型コロナウイルス感染症対策(金融支援),
神戸市,https://www.city.kobe.lg.jp/a31812/coronavsupportsforbusiness.html,神戸市：新型コロナウイルスに関連した支援について（事業者のみなさまへ）,
新宿区,https://www.city.shinjuku.lg.jp/jigyo/biz00_100007.html,産業振興・企業支援：新宿区,
野沢温泉村,http://www.vill.nozawaonsen.nagano.jp/business/W004H0000034.html,新型コロナウイルス感染症で影響を受ける事業者の皆様へ‐野沢温泉村,
厚生労働省,https://www.mhlw.go.jp/stf/newpage_10403.html,【事業主の皆様へ】新型コロナウィルス感染症の影響により厚生年金基金の特例解散時に事業主が負担する額の納付が困難となった場合について,
富岡市,https://www.city.tomioka.lg.jp/www/contents/1586399810160/index.html,新型コロナウイルス感染症の影響による休業や失業で生活資金でお悩みの方へ,
中津市,https://www.city-nakatsu.jp/doc/2020041000195/index.html,新型コロナウイルス感染症に係る支援情報をまとめました,
埼玉県,https://www.pref.saitama.lg.jp/a0805/shikinguri.html,県の資金繰り措置について,
長野県,https://www.pref.nagano.lg.jp/keieishien/20200319press.html,新型コロナウイルス感染症の影響を受ける中小企業等の資金繰りを支援するため、中小企業融資制度を拡充します／長野県,
経済産業省,https://www.meti.go.jp/press/2019/03/20200311004/20200311004.html,遠隔健康相談事業を開始します！,
あま市,https://www.city.ama.aichi.jp/bussiness/sangyo/syoukou/1006367.html,事業者向け緊急経済対策関連情報について（持続化給付金等）｜あま市公式ウェブサイト,
長崎市,https://www.city.nagasaki.lg.jp/jigyo/360000/362000/p034103.html,長崎市│新型コロナウイルス感染症により影響を受けている事業者の方へ,
福島県,http://www.pref.fukushima.lg.jp/sec/21025a/index.html,社会福祉課,
愛媛県,https://www.pref.ehime.jp/k70200/k70200.html,愛媛県庁／教育総務課,
知多市,https://www.city.chita.lg.jp/docs/2020041000034/index.html,市立小中学校の臨時休業に伴う対応（自主登校教室、放課後児童クラブ）について,
川場村,http://www.vill.kawaba.gunma.jp/info/index.html,川場村役場「2020年(令和2年)新型コロナウイルス感染症関連情報」,
宮城県,http://www.pref.miyagi.jp/soshiki/tiroui/korona-sodan.html,新型コロナウィルス感染症に関する労働相談について,
川崎市,http://www.city.kawasaki.jp/280/page/0000115859.html,川崎市：新型コロナウイルス感染症の影響でお困りの市内中小企業者等の皆様へ経営安定資金で支援します。,
大洗町,https://www.town.oarai.lg.jp/~kankouka/kurasi/info-3679-72_3.html,大洗町,
越前市,https://www.city.echizen.lg.jp/office/060/010/covid19_finance.html,新型コロナウイルス感染症で影響を受ける市内中小・小規模事業者への金融支援,
下関市,http://www.city.shimonoseki.lg.jp/www/contents/1583381707607/index.html,新型コロナウイルス感染症の発生状況について,
岡垣町,https://www.town.okagaki.lg.jp/s014/020/011/150/20200129153518.html,新型コロナウイルス感染症に伴う税・公共料金などの支払期限の延長（猶予）,
日立市,https://www.city.hitachi.lg.jp/shimin/002/006/covidsoudan.html,日立市｜新型コロナウイルス緊急総合相談窓口の開設について,
青森県,http://www.pref.aomori.lg.jp/soshiki/kenko/kodomo/boshifushikahushikin.html,母子父子寡婦福祉資金の貸付について,
厚生労働省,https://www.mhlw.go.jp/stf/newpage_10231.html,新型コロナウイルス感染症による小学校休業等対応支援金　,
留萌市,https://www.e-rumoi.jp/keizai/page17_00109.html,セーフティネット保証制度(4号：令和2年新型コロナウイルス感染症関係),
長野県,https://www.pref.nagano.lg.jp/keieishien/corona.html,新型コロナウイルス感染症に伴う中小企業者向けポータルサイト／長野県,
京都府,https://www.pref.kyoto.jp/gyomusuishin/novelcoronavirus-line.html,一人ひとりに合わせた新型コロナ対策をLINEでサポートします／京都府ホームページ,
十和田市,http://www.city.towada.lg.jp/docs/2020040800017/index.html,新型コロナウイルス感染症に関する緊急相談窓口開設中（市税・保険料・使用料・奨学金の支払い猶予等）,
目黒区,https://www.city.meguro.tokyo.jp/kurashi/anzen/newcorona/soudan.html,新型コロナウイルスに関する相談窓口　目黒区,
和歌山県,https://www.pref.wakayama.lg.jp/prefg/010500/yuuyo-tokurei.html,新型コロナウイルスの影響により納税が困難な方へ徴収猶予の「特例制度」（案）,
経済産業省,https://www.meti.go.jp/policy/safety_security/industrial_safety/oshirase/2020/04/20200410-02.html,新型コロナウイルスの影響を踏まえた措置について（液石法施行規則に規定する期間延長）（METI/経済産業省）,
沖縄県,https://www.pref.okinawa.jp/site/shoko/keiei/kinyu/singatakorona.html,新型コロナウイルス感染症で影響を受けた事業者に対する支援等について／沖縄県,
福井県,https://www.pref.fukui.lg.jp/doc/zeimu/nofu_konnan2.html,新型コロナウイルスの影響により納税が困難な方へ　徴収猶予の「特例制度」,
東京都,https://www.metro.tokyo.lg.jp/tosei/hodohappyo/press/2020/03/31/23.html,移転資金貸付金の対応（都市整備局事業）（第139報）｜東京都,
富士市,https://www.city.fuji.shizuoka.jp/kurashi/c0604/rn2ola000002emz4.html,新型コロナウイルス感染症の影響に伴う一時的な資金の緊急貸付について,
稚内市,https://www.city.wakkanai.hokkaido.jp/kurashi/sumaisuido/suido/osiraseryoukinka/yuyo.html,新型コロナウィルス感染症の影響に関する支払猶予について（水道・下水道・し尿）／稚内市,
大野城市,https://www.city.onojo.fukuoka.jp/s014/010/010/010/040/20200407202503.html,新型コロナウイルス感染症の影響による市営住宅の家賃の減免および徴収猶予について｜大野城市,
蕨市,https://www.city.warabi.saitama.jp/kenko/fukushi/seikatsu/1005820.html,新型コロナウイルスの影響による休業や失業で生活資金にお困りの方へ｜蕨市公式ウェブサイト,
軽井沢町,https://www.town.karuizawa.lg.jp/www/genre/1000100000039/index.html,農林業・商工業,
群馬県,https://www.pref.gunma.jp/houdou/g10g_00120.html,群馬県,
千代田区,https://www.city.chiyoda.lg.jp/koho/kenko/sekatsu/kurashi.html,千代田区ホームページ,
富田林市,https://www.city.tondabayashi.lg.jp/soshiki/15/37925.html,市民窓口課での手続きについて（新型コロナウイルス感染拡大防止）,
栃木県,http://www.pref.tochigi.lg.jp/f02/houdou/houdou/r2_re_supplychain.html,栃木県／令和２(2020)年度サプライチェーン再構築支援補助金の募集について,
八代市,https://www.city.yatsushiro.lg.jp/list00002.html,,
富山市,https://www.city.toyama.toyama.jp/zaimubu/nozeika/singatakoronauirususizeinoyuuyo.html,富山市,
木更津市,https://www.city.kisarazu.lg.jp/kosodate/kosodate/hoikuen/1006614.html,新型コロナウィルス感染症拡大に伴う保育所の対応について｜千葉県木更津市公式ホームページ,
熊本県,https://www.pref.kumamoto.jp/kiji_31452.html,,
守山市,https://www.city.moriyama.lg.jp/shokokanko/2020coronavirus_keieiryokukyokahojyoshien.html,滋賀県の「新型コロナウイルス感染症対策経営力強化補助金」への追加支援について,
滋賀県,https://www.pref.shiga.lg.jp/ippan/kenkouiryouhukushi/chiiki/310803.html,生活福祉資金貸付制度について｜滋賀県ホームページ,
網走市,https://www.city.abashiri.hokkaido.jp/260fukushi/shakyou_kinkyukashitsuke.html,新型コロナウイルス感染症の影響に伴う生活資金の貸付について｜福祉・介護｜網走市,
和歌山県,https://www.pref.wakayama.lg.jp/prefg/010500/kenzeientyou.html,新型コロナウイルス感染症の拡大防止に伴う県税の取扱いについて,
つくば市,https://www.city.tsukuba.lg.jp/1004060/1004085.html,つくバス通学定期券の払戻しについて｜つくば市公式ウェブサイト,
野洲市,https://www.city.yasu.lg.jp/jigyosha/1583390599839.html,新型コロナウイルス感染症に係る事業者向け・労働者向けの相談窓口・支援制度について／野洲市ホームページ,
埼玉県,https://www.pref.saitama.lg.jp/a0001/news/page/2020/0409-01.html,テレワーク導入などの働き方改革を支援します！―,
十和田市,http://www.city.towada.lg.jp/docs/2020021900019/index.html,新型コロナウイルス感染症に関する中小企業・小規模事業者支援策について,
福岡県,https://www.pref.fukuoka.lg.jp/press-release/corona-020402.html,新型コロナウイルスに関する経営相談窓口に「フリーダイヤル経営相談窓口」を開設します,
取手市,https://www.city.toride.ibaraki.jp/kazei-shimin/kurashi/zeikin/oshirase/koronauirusuzeiseisoti.html,取手市／新型コロナウイルス感染症緊急経済対策における税制上の措置（案）,
松前町,https://www.town.masaki.ehime.jp/site/coronavirus/12831.html,新型コロナウイルス感染症対策のための松前町立小中学校における対応について（その6）,
栃木県,http://www.pref.tochigi.lg.jp/e04/welfare/hoken-eisei/kansen/hp/shingatakoronavirus.html,栃木県／新型コロナウイルス感染症について,
福島県,http://www.pref.fukushima.lg.jp/sec/21035a/bosi-fushi-kafu.html,母子・父子・寡婦福祉資金貸付金,
かつらぎ町,http://www.town.katsuragi.wakayama.jp/010/090/060/20200331150937.html,徴収の猶予【徴収猶予（期間延長）申請書】様式DL,
多賀城市,https://www.city.tagajo.miyagi.jp/koho/shise/koho/kisha.html,多賀城市／記者発表資料,
築上町,https://www.town.chikujo.fukuoka.jp/s058/040/050/010/050/20200302130820.html,【新型コロナウイルス関連】セーフティネット保証5号の指定業種のお知らせ｜福岡県築上町,
神栖市,https://www.city.kamisu.ibaraki.jp/business/chusho/1006164.html,新型コロナウイルス感染症の影響に対する中小企業支援,
農林水産省,https://www.maff.go.jp/j/keiei/kinyu/coronavirus.html,新型コロナウイルス感染症の発生に伴う金融上の要請について：農林水産省,
厚生労働省,https://www.mhlw.go.jp/stf/newpage_10164.html,新型コロナウイルス感染症による小学校等の臨時休業に対応する保護者支援等に関するコールセンターの設置を開始します,
滋賀県,https://www.pref.shiga.lg.jp/kensei/koho/e-shinbun/oshirase/309507.html,新型コロナウィルスに関する県内事業者向け相談窓口の設置について｜滋賀県ホームページ,
長野県,https://www.pref.nagano.lg.jp/eigyo/happyou/0318press.html,【訂正版】～「県産品を食べて！使って！応援」助け合いキャンペーン～新型コロナウイルス感染防止対策等の影響を受けている県産品の需要喚起を県内企業や市町村と連携して支援します。／長野県,
京都府,https://www.pref.kyoto.jp/shogyo/news/press/2020/3/shingatakorona2.html,新型コロナウイルス感染症の影響により業況が悪化した中小企業者等へのセーフティネット保証５号の指定に伴う金融支援について／京都府ホームページ,
涌谷町,http://www.town.wakuya.miyagi.jp/sangyo/shokogyo/index.html,涌谷町／商工業,
東京都,https://www.metro.tokyo.lg.jp/tosei/hodohappyo/press/2020/03/05/27.html,事業継続緊急対策（テレワーク）助成金,
千葉市,https://www.city.chiba.jp/hokenfukushi/iryoeisei/seisaku/kansensyoujyouhou.html,千葉市：新型コロナウイルス感染症に関する情報（特設ページ）,
京都府,https://www.pref.kyoto.jp/rosei/14600009.html,無料労働相談窓口／京都府ホームページ,
木更津市,https://www.city.kisarazu.lg.jp/kurashi/jutaku/shiei/1006619.html,新型コロナウイルス感染症の拡大に伴い住宅を失った方の相談を受け付けています｜千葉県木更津市公式ホームページ,
磐田市,https://www.city.iwata.shizuoka.jp/bousai_anzen/kansenshou/1007876/index.html,新型コロナウイルス感染症に関する情報｜磐田市公式ウェブサイト,
千葉市,https://www.city.chiba.jp/zaiseikyoku/zeimu/nozei/info-koronar2yuuyo.html,千葉市：新型コロナウィルス感染症の影響により納税が困難な方へ,
三朝町,http://www.town.misasa.tottori.jp/1350/index.html,緊急情報,
島本町,https://www.shimamotocho.jp/rinji/covid19_info/1586748489307.html,新型コロナウイルス関連支援情報一覧について（4月13日現在）｜島本町ホームページ,
山口県,https://www.pref.yamaguchi.lg.jp/cms/a15900/soudan/koronaroudou.html,山口県/労働政策課/労働相談窓口一覧・新型コロナウィルスに関する労働者支援の相談窓口,
京都市,https://www.city.kyoto.lg.jp/hagukumi/page/0000265505.html,京都市：新型コロナウイルス感染症に伴う市内の子育て支援施設等の対応について,
千曲市,https://www.city.chikuma.lg.jp/docs/2020040900014/index.html,【国民年金】新型コロナウイルス感染症の拡大防止のための対応について,
かすみがうら市,https://www.city.kasumigaura.lg.jp/page/page007895.html,後期高齢者保険料等が減免になる場合があります（新型コロナウイルス関連）&nbsp;|&nbsp;かすみがうら市公式ホームページ,
菊川市,https://www.city.kikugawa.shizuoka.jp/shoukoukankou/keizaihendoutaisaku.html,菊川市／菊川市経済変動対策貸付金利子補給制度,
益子町,http://www.town.mashiko.tochigi.jp/page/page002596.html,新型コロナウイルス感染症の影響による公共下水道受益者負担金の納入の猶予について&nbsp;|&nbsp;益子町公式ホームページ,
島根県,https://www.pref.shimane.lg.jp/life/zei/ken/oshirase/osirase.html,島根県：新型コロナウイルスの感染予防及び拡大防止に関する県税の取扱い（トップ,
厚生労働省,https://www.mhlw.go.jp/stf/newpage_10346.html,新型コロナウイルス感染症の影響を踏まえた生活福祉資金貸付制度における緊急小口資金等の特例貸付の拡大について,
岩手県,https://www.pref.iwate.jp/sangyoukoyou/sangyoushinkou/kinyuu/1027133.html,岩手県,
浦安市,https://www.city.urayasu.lg.jp/fukushi/yobou/kansen/1028485/1029082.html,新型コロナウイルス感染拡大による経営・生活支援緊急相談窓口の開設（支援策第3弾）｜浦安市公式サイト,
吹田市,https://www.city.suita.osaka.jp/home/soshiki/div-fukushi/fukusomu/000685/000683_copy.html,吹田市｜【ご案内】新型コロナウイルス感染症の影響を踏まえた生活福祉資金の貸付について,
阿久根市,http://www.city.akune.kagoshima.jp/kenkoiryofukushi/konkyushien/seikatsukashitsuke.html,生活福祉資金貸付制度｜阿久根市,
犬山市,https://www.city.inuyama.aichi.jp/kurashi/kaigo/1000219/1006590.html,一時的な資金緊急貸付けについて（新型コロナウイルス感染症の影響による休業や失業で、生活資金をお悩みの方へ）｜犬山市,
福岡県,https://www.pref.fukuoka.lg.jp/contents/kango-byoinnaihoikusyo-shien.html,小学校の臨時休校に伴う病院内保育所等の対応に係る財政支援について,
浦添市,https://www.city.urasoe.lg.jp/docs/2020031000068/index.html,新型コロナウイルス関連事業者向け支援情報（まとめ）,
佐賀県,https://www.pref.saga.lg.jp/kiji00373318/index.html,,
八幡市,https://www.city.yawata.kyoto.jp/0000006194.html,新型コロナウィルス感染症の影響により市税や国民健康保険料を一時的に納付できない方のための猶予制度について,
神奈川県,https://www.pref.kanagawa.jp/docs/r6w/cnt/f6282/tokurei.html,新型コロナウイルス感染症の影響を踏まえた生活福祉資金貸付制度における緊急小口資金等の特例貸付の実施について,
留萌市,https://www.e-rumoi.jp/keizai/page17_00114.html,危機関連保証制度について(令和2年新型コロナウイルス感染症関連）,
茅ヶ崎市,https://www.city.chigasaki.kanagawa.jp/sangyo/1037983.html,新型コロナウイルス感染症に関する中小企業支援について｜茅ヶ崎市,
高知県,https://www.pref.kochi.lg.jp/soshiki/060301/2020021900170.html,新型コロナウイルス,
軽井沢町,https://www.town.karuizawa.lg.jp/www/contents/1586249737680/index.html,新型コロナウイルス感染症対策緊急資金融資制度について,
国土交通省,http://www.mlit.go.jp/jutakukentiku/house/jutakukentiku_house_fr2_000044.html,住宅：新型コロナウイルス感染症の影響を踏まえた住宅取得支援策について,
つくば市,https://www.city.tsukuba.lg.jp/jigyosha/oshirase/1009827.html,緊急経済対策の準備｜つくば市公式ウェブサイト,
埼玉県,https://www.pref.saitama.lg.jp/kurashi/zekin/index.html,税金,
港区,https://www.city.minato.tokyo.jp/hokenyobou/fumeihaien.html,港区公式ホームページ／【特設ページ】新型コロナウイルス感染症対策について【2020年4月20日午後1時00分現在】,
那覇市,https://www.city.naha.okinawa.jp/shisetsu/bunka/maimainaha.html,那覇市人材育成支援センターまーいまーいNaha｜那覇市公式ホームページ,
輪島市,https://www.city.wajima.ishikawa.jp/article/2020030300022/index.html,セーフティネット保証4号の認定（新型コロナウイルス感染症関連）,
岡山市,http://www.city.okayama.jp/zaisei/ryokin/ryokin_t00017.html,新型コロナウイルス感染症の影響により料金の納付が困難な方に対する納付相談を実施します。｜岡山市｜市政情報｜組織・部署案内,
甘楽町,http://www.town.kanra.gunma.jp/sansin/kankou/news/20200407164541.html,甘楽町,
鎌倉市,https://www.city.kamakura.kanagawa.jp/shoukou/sien/kinkyu.html,鎌倉市／新型コロナウイルス感染症に関する中小企業支援について,
富士市,https://www.city.fuji.shizuoka.jp/sangyo/c0301/kinkyuutaioukorona0327.html,,
愛川町,https://www.town.aikawa.kanagawa.jp/benri/guide/suidou/suidou/1586327809133.html,新型コロナウイルス感染症の影響により水道料金・下水道使用料のお支払いが困難な方へ／愛川町ホームページ,
愛媛県,https://www.pref.ehime.jp/h20100/seikatuhukushishikin/seikatuhukushishikintokurei.html,愛媛県庁／新型コロナウイルス感染症の影響を踏まえた生活福祉資金貸付制度における特例貸付の実施について,
東串良町,http://www.higashikushira.com/docs/2020040900014/index.html,新型コロナウイルス感染症に関する農業者のための支援策について,
戸田市,https://www.city.toda.saitama.jp/soshiki/193/kurashi110-bicycle-corona.html,新型コロナウイルス感染症対策に伴う自転車駐車場定期利用者（学生）に関する対応について,
厚生労働省,https://www.mhlw.go.jp/seisakunitsuite/bunya/koyou_roudou/koyou/kyufukin/index.html,事業主の方のための雇用関係助成金｜厚生労働省,
飯島町,http://www.town.iijima.lg.jp/oshirase/972.html,新型コロナウイルスに係る経営安定相談窓口の開設について／ふたつのアルプスが見えるまち,
あま市,https://www.city.ama.aichi.jp/bussiness/sangyo/syoukou/1003846.html,セーフティネット保証について｜あま市公式ウェブサイト,
明石市,https://www.city.akashi.lg.jp/kodomo/ikusei_shitsu/kodomo-kyoiku/kosodate/hoikujo/corona_hoiku.html,保育料の減額について（3月分保育料）／明石市,
経済産業省,https://www.meti.go.jp/press/2019/02/20200214010/20200214010.html,新型コロナウイルスの流行に伴う輸出入手続きの緩和等について,
石狩市,http://www.city.ishikari.hokkaido.jp/soshiki/nouzei/51170.html,新型コロナウイルス関連で徴収猶予の特例制度が予定されています,
神奈川県,https://www.pref.kanagawa.jp/docs/f6k/coronavirus.html,新型コロナウイルスによる経営への影響を受けられた農畜産業者の方へ,
高知県,https://www.pref.kochi.lg.jp/soshiki/060401/2020030900239.html,新型コロナウイルス感染症の発生に伴う母子父子寡婦福祉資金貸付金（生活資金）の貸付けについて,
石川県,https://www.pref.ishikawa.lg.jp/kinyuu/kinyuu/korona.html,石川県／新型コロナウイルス感染症の発生により経営に影響を受けている事業者の皆様へ,
雫石町,https://www.town.shizukuishi.iwate.jp/docs/2020030400012/index.html,新型コロナウイルス関連情報,
岬町,https://www.town.misaki.osaka.jp/kinkyu/2931.html,新型コロナウイルス感染症による岬町学童保育室の追加申込みについて（期間延長）／岬町,
富士市,https://www.city.fuji.shizuoka.jp/kurashi/c0604/rn2ola000002emry.html,新型コロナウイルス感染症の影響に伴う雇用調整助成金の特例について,
滋賀県,https://www.pref.shiga.lg.jp/ippan/shigotosangyou/kigyou/309618.html,中小企業者向け制度融資のご案内（新型コロナウイルス関連）｜滋賀県ホームページ,
池田市,https://www.city.ikeda.osaka.jp/kurashi/guide/zei/nouzei/1584928019115.html,新型コロナウイルス感染症の影響により市税の納付が困難な方へ／池田市ホームページ,
福生市,https://www.city.fussa.tokyo.jp/enterprise/industry/enterprises/1009944.html,新型コロナウイルス感染症により影響を受けている事業者に対し福生市中小企業振興資金にて優遇措置を実施します。｜東京都福生市公式ホームページ,
佐賀県,https://www.pref.saga.lg.jp/kiji00373804/index.html,,
鶴岡市,https://www.city.tsuruoka.lg.jp/kenko/hokenkenko/yoboseshu/coronavirussupport.html,新型コロナウイルス感染症による経済・生活への影響等に対する支援一覧,
寝屋川市,https://www.city.neyagawa.osaka.jp/Industry_business/1584586149785.html,,
中小企業基盤整備機構,https://j-net21.smrj.go.jp/news/tsdlje000000a0us.html,事業自粛や納期遅れなど新型コロナ関連の法律相談、初回30分無料：千葉県弁護士会,
福岡県,https://www.pref.fukuoka.lg.jp/contents/telework-shien.html,テレワーク活用のための支援事業のご案内,
宮城県,http://www.pref.miyagi.jp/soshiki/koyou/joseikinnsoudann.html,【新型コロナウイルス感染症関連】助成金・相談窓口のご案内,
枚方市,https://www.city.hirakata.osaka.jp/0000028719.html,新型コロナウイルスに関する個人向け無料電話のご相談,
山口県,https://www.pref.yamaguchi.lg.jp/cms/a13200/seikatsukonkyuu/202003140001.html,山口県/厚政課/生活困窮者自立支援・生活福祉資金貸付制度における特例措置(新型コロナウイルス感染症関連),
北中城村,https://www.vill.kitanakagusuku.lg.jp/topics/1867.html,保育所・児童館・子育て支援センターなどの新型コロナウイルス感染症対策に伴う対応について／北中城村,
神奈川県,https://www.pref.kanagawa.jp/docs/r4a/ryoukingaido/singatacorona.html,新型コロナウイルスの感染拡大に伴う上下水道料金のお支払い猶予について,
茨城県,https://www.pref.ibaraki.jp/shokorodo/chusho/keiei/singatakorona1.html,新型コロナウイルス感染症に係る支援策及び相談窓口について／茨城県,
丹波市,https://www.city.tamba.lg.jp/site/corona/seikatuhukushishikin.html,新型コロナウイルス感染症の影響による休業や失業により生活資金にお困りのみなさまへ,
知多市,https://www.city.chita.lg.jp/docs/2020030400012/index.html,新型コロナウイルスに関連した中小企業・小規模企業様向けの支援について,
東大和市,https://www.city.higashiyamato.lg.jp/news/index.cfm/detail.1.102725.html,新型コロナウイルス感染症緊急事態宣言に係る東大和市内学童保育所・ランドセル来館事業の開所時間短縮とそれに伴う市立小学校での居場所確保について,
熊本県,https://www.pref.kumamoto.jp/kiji_31341.html,,
伊賀市,https://www.city.iga.lg.jp/0000004915.html,生活にお困りの方の相談（生活困窮者自立支援について）,
福岡県,https://www.pref.fukuoka.lg.jp/contents/korona-kennzeiyuuyosei.html,新型コロナウイルス感染症の影響に伴う県税の猶予制度について,
奈良市,http://www.city.nara.lg.jp/site/coronavirus/61448.html,セーフティネット保証4号申請手続きについて（新型コロナウイルス感染症対策）,
城里町,http://www.town.shirosato.lg.jp/page/page004353.html,新型コロナウイルス感染症の影響により被害を受けている中小企業者等への支援制度について&nbsp;|&nbsp;城里町公式ホームページ,
池田市,https://www.city.ikeda.osaka.jp/soshiki/siminseikatsu/chiikikassei/gyomu/syogyo/1582010223631.html,【事業者向け】新型コロナウイルス感染症に関する情報（資金繰り支援）／池田市ホームページ,
沖縄県,https://www.pref.okinawa.jp/site/chijiko/kohokoryu/koho/2020_new_corona_shien.html,新型コロナウイルス感染症に対する支援策等について／沖縄県,
神栖市,https://www.city.kamisu.ibaraki.jp/iryo_fks/1006048/1006287/1006266.html,納税するのが困難な方へ：納税の猶予,
伊豆の国市,https://www.city.izunokuni.shizuoka.jp/nousin/kurashi/koyou/insyokutenmukemasukuhaihu.html,,
立科町,https://www.town.tateshina.nagano.jp/0000001471.html,新型コロナウィルス感染症の影響により納税が困難な皆さんへ,
中野区,https://www.city.tokyo-nakano.lg.jp/dept/244000/d028650.html,新型コロナウイルス感染拡大による保育料の軽減措置について,
市原市,https://www.city.ichihara.chiba.jp/kenko/iryo_kansensyou/kansensyouyobou/covid-19/support/kashitsuke.html,新型コロナウイルス感染症の影響による休業などで生活にお困りの方へ　市原市,
八尾市,https://www.city.yao.osaka.jp/0000050710.html,【新型コロナウイルス関連】八尾市コールセンターの開設について,
小城市,https://www.city.ogi.lg.jp/main/32441.html,小城市：新型コロナウイルス感染症,
蕨市,https://www.city.warabi.saitama.jp/kurashi/zei/noufu/1005919.html,新型コロナウイルスの影響により税金や保険料などの納付が困難な方へ｜蕨市公式ウェブサイト,
かつらぎ町,http://www.town.katsuragi.wakayama.jp/010/090/060/20200331154040.html,新型コロナウイルス感染症の影響により納税が困難な方に対する地方税における猶予制度,
戸田市,https://www.city.toda.saitama.jp/soshiki/214/keizai-stayhome.html,「＃Stay,
大網白里市,https://www.city.oamishirasato.lg.jp/0000010409.html,新型コロナウイルス感染症対策のための臨時休業期間における学習支援について,
八戸市,https://www.city.hachinohe.aomori.jp/emergency/14078.html,「新型コロナウイルス感染症の影響による特別労働相談窓口」開設のお知らせ（青森労働局）／八戸市,
岩手県,https://www.pref.iwate.jp/kurashikankyou/iryou/covid19/1028772.html,岩手県,
那須烏山市,https://www.city.nasukarasuyama.lg.jp/keywords/index.cfm/1.-.kwstring.3.html,出産・子育て,
東京都,https://www.metro.tokyo.lg.jp/tosei/hodohappyo/press/2020/03/16/10.html,中小企業支援（追加対策）を実施（第87報）｜東京都,
港区,https://www.city.minato.tokyo.jp/keieisoudan/tokubetuyuusi.html,港区公式ホームページ／新型コロナウイルス感染症拡大に伴う特別融資あっせん,
太良町,https://www.town.tara.lg.jp/kenkou/_1662/_3776.html,新型コロナウイルス感染症予防に伴う、事業の中止及び施設の制限,
大町町,http://www.town.omachi.saga.jp/2020/03/26/post_291.html,新型コロナウイルス感染症の影響により町税の納付が困難な方へ,
西川町,https://www.town.nishikawa.yamagata.jp/chomin/2020-0317-1548-22seikatufukushishikinn.html,町民の方へ｜お知らせテンプレート,
山口県,https://www.pref.yamaguchi.lg.jp/cms/a15300/sinngatakorona/gekihenyu-shi.html,山口県/生活衛生課/新型コロナウィルス関係・衛生環境激変対策特別貸付制度,
新城市,https://www.city.shinshiro.lg.jp/shisei/koho-kocho/covid-19_yuyo.html,新型コロナウイルス感染症の感染拡大に係る税金、保険料、水道料金等の取り扱いについて：新城市,
春日部市,https://www.city.kasukabe.lg.jp/sangyo/keiei/madoguchiencho.html,新型コロナウイルスにより影響を受けた市内中小企業への融資相談窓口の延長／春日部市公式ホームページ,
成田市,https://www.city.narita.chiba.jp/kosodate/page0135_00013.html,新型コロナウイルス感染症に伴う育児休業復職期限の延長について｜成田市,
阿南町,http://www.town.anan.nagano.jp/emergency/2020/04/19-1.html,新型コロナウイルス感染症関連情報｜緊急情報｜阿南町ウェブサイト,
江津市,https://www.city.gotsu.lg.jp/soshiki/8/14204.html,新型コロナウイルス感染症による申告相談の対応,
佐賀県,https://www.pref.saga.lg.jp/kiji00373608/index.html,,
茨城県,https://www.pref.ibaraki.jp/somu/zeimu/kikaku/topics/covid-19-tax.html,新型コロナウイルス感染症の拡大防止の観点からの個人の事業税の申告期限の延長について／茨城県,
秩父市,https://www.city.chichibu.lg.jp/item/22168.html,新型コロナウイルス感染症に対する子育て関連事業について/秩父市,
徳島市,https://www.city.tokushima.tokushima.jp/kurashi/zeikin/tax_tell.html,市税や保険料等の納付が困難となった場合のご相談先：徳島市公式ウェブサイト,
七尾市,https://www.city.nanao.lg.jp/shoukan/shingata_korona.html,新型コロナウイルス感染症で影響を受ける事業者の皆さまへ／七尾市,
山口県,https://www.pref.yamaguchi.lg.jp/cms/a10700/saigaikeigenn/corona_yuyo.html,山口県/税務課/災害等による税の軽減措置等・新型コロナウイルス感染症の発生に伴い納税が困難となった方へ,
鶴居村,https://www.vill.tsurui.lg.jp/keizai/news/2020-0407-0752-14.html,新型コロナウイルス感染症の影響を受けている事業者向け説明会・相談会のご案内｜経済産業｜鶴居村,
かつらぎ町,http://www.town.katsuragi.wakayama.jp/040/030/shinngatakoronauirusukannsennsyoukannrenn/20200313142604.html,【新型コロナウイルス感染症】小規模事業者持続化補助金一般型について,
羽村市,https://www.city.hamura.tokyo.jp/0000013233.html,新型コロナウイルス感染症に関する事業者支援について,
天栄村,https://www.vill.tenei.fukushima.jp/soshiki/3/tenei-covid-19.html,新型コロナウイルス感染症について,
鳩山町,https://www.town.hatoyama.saitama.jp/event/1585134221551.html,セーフティネット保証制度／鳩山町ホームページ,
歌志内市,https://www.city.utashinai.hokkaido.jp/hotnews/detail/00002006.html,新型コロナウイルス感染症の影響による市営住宅入居者に対する家賃減免措置について,
福島県,http://www.pref.fukushima.lg.jp/sec/32011b/covid19-01.html,新型コロナウイルスで影響を受けた中小企業者への資金繰り支援について,
豊山町,https://www.town.toyoyama.lg.jp/chosei/yakuba-annai/1001336/1002796.html,新型コロナウイルス感染症の影響による水道料金・下水道使用料の支払い猶予について【更新日:4月3日】｜豊山町公式ウェブサイト,
文化庁,https://www.bunka.go.jp/koho_hodo_oshirase/sonota_oshirase/2020020601.html,新型コロナウイルスの影響を受ける文化芸術関係者に対する支援情報窓口,
弘前市,https://www.city.hirosaki.aomori.jp/index.html,弘前市,
新見市,https://www.city.niimi.okayama.jp/important/important_detail/index/320.html,新型コロナウイルス感染症拡大の影響により上下水道料金および市営住宅家賃の納付が困難な方へ納付の猶予制度があります,
農林水産省,https://www.maff.go.jp/j/keiei/nougyou_jinzaiikusei_kakuho/singatakoronataiou/syougakkoukyuukou.html,小学校休業等対応助成金：農林水産省,
千曲市,https://www.city.chikuma.lg.jp/docs/2020040300043/index.html,新型コロナウイルス感染拡大の影響による休業や失業で、生活資金にお悩みの皆様へ,
神奈川県,https://www.pref.kanagawa.jp/docs/m6c/cnt/f5782/corona.html,新型コロナウイルス関連融資,
奈良市,http://www.city.nara.lg.jp/site/kyouiku/67999.html,市立学校における新型コロナウイルスへの対応について,
吉賀町,https://www.town.yoshika.lg.jp/bousai/koronavirus/koronazigyousyataiyou.html,吉賀町:（事業者向け）新型コロナウイルス感染症に関する緊急対応策について,
南相馬市,https://www.city.minamisoma.lg.jp/portal/health/kenko/2/1/1/11428.html,セーフティネット保証制度（中小企業信用保険法第2条第5項の認定）／南相馬市公式ウェブサイト,
奈良市,http://www.city.nara.lg.jp/site/kosodate/10822.html,幼稚園・保育所・認定こども園・地域型保育事業の手続きについて　,
山鹿市,https://www.city.yamaga.kumamoto.jp/www/contents/1582766263677/index.html,新型コロナウィルスに関する中小企業・小規模事業者支援について,
宇陀市,https://www.city.uda.nara.jp/s-kikaku/koyouchouseijoseikin.html,宇陀市／【事業者の方へ】雇用調整助成金について,
沖縄県,https://www.pref.okinawa.jp/site/kodomo/fukushi/chiiki/seikon/syurokunren.html,生活困窮者就労訓練事業について／沖縄県,
日野市,https://www.city.hino.lg.jp/faq/fukushi/fukushi/1014096.html,日野市社会福祉協議会で新型コロナウイルスにより収入が減少した世帯に対する特例貸付を実施しています｜日野市公式ホームページ,
福岡県,https://www.pref.fukuoka.lg.jp/press-release/corona-02003122.html,新型コロナウイルス感染症に係る「危機関連保証」の対象事業者に対する県制度融資の保証料をゼロにし、中小企業への資金繰り支援をさらに強化します！,
群馬県,https://www.pref.gunma.jp/02/d10g_00135.html,群馬県,
神奈川県,https://www.pref.kanagawa.jp/docs/k5n/soudan/yakan.html,夜間労働相談,
鎌倉市,https://www.city.kamakura.kanagawa.jp/shoukou/sien/safety4.html,鎌倉市／経営安定関連保証（新型コロナウイルス感染症に関するセーフティネット保証）,
矢吹町,http://www.town.yabuki.fukushima.jp/page/page004198.html,新型コロナウイルスの影響により納税が困難な方へ,
美浜町,http://www.town.aichi-mihama.lg.jp/docs/2020033100018/index.html,新型コロナウイルス感染症の発生に係る緊急経済対策信用保証料補助金について,
宮城県,http://www.pref.miyagi.jp/soshiki/syahuku/seikatusikin-corona.html,新型コロナウイルス感染症の影響を踏まえた生活福祉資金貸付制度における緊急小口資金等の特例貸付の実施について,
厚生労働省,https://www.mhlw.go.jp/stf/seisakunitsuite/bunya/koyou_roudou/koyou/kyufukin/pageL07.html,雇用調整助成金,
雲南市,https://www.city.unnan.shimane.jp/unnan/sangyou/jigyousyamuke/index.html,事業者向け情報,
神奈川県,https://www.pref.kanagawa.jp/chiji/press-conference/2019/0319.html,定例記者会見（2020年3月19日）結果概要,
浜松市,https://www.city.hamamatsu.shizuoka.jp/nousei/koronataioumtg.html,【事業者募集】新型コロナウイルス感染症対策・一次産業者等マッチング事業について／浜松市,
文化庁,https://www.bunka.go.jp/koho_hodo_oshirase/sonota_oshirase/20200206.html,新型コロナウイルスに関連した感染症対策に関する対応について,
弥富市,https://www.city.yatomi.lg.jp/kurashi/1000156/1003640/index.html,新型コロナウイルス感染症の影響により市税・保険料の納付が困難な方へ｜弥富市公式ホームページ,
岩手県,https://www.pref.iwate.jp/sangyoukoyou/nourinsuisan/kinyuu/index.html,岩手県,
青森県,http://www.pref.aomori.lg.jp/life/tax/nouzei_yuuyo.html,新型コロナウイルス感染症の影響により納税が困難な方に対する猶予制度,
秩父市,https://www.city.chichibu.lg.jp/8021.html,新型コロナウイルス感染症対策の事業者支援/秩父市,
宮古市,https://www.city.miyako.iwate.jp/zeimu/nouzeiyuyo_covid_19.html,岩手県宮古市,
神奈川県,https://www.pref.kanagawa.jp/docs/m6c/prs/r5118881.html,新型コロナウイルス関連融資の信用保証料を最大ゼロに引き下げます,
,答ありがとうございます,,
萩市,https://www.city.hagi.lg.jp/soshiki/49/h31121.html,新型コロナウイルス感染症に伴う中小企業者等経営安定化緊急対策について（融資・利子補給制度）,
東伊豆町,https://www.town.higashiizu.shizuoka.jp/bg/life/ent/2806.html,東伊豆町｜くらし｜水道料金の支払い期限の延長（猶予）について,
島根県,https://www.pref.shimane.lg.jp/medical/fukushi/chiiki/hukusi_sikin/seikatuhukusisikinn.html,島根県：生活福祉資金特例貸付～新型コロナの影響で生活資金にお悩みの方へ～（トップ,
島根県,https://www.pref.shimane.lg.jp/industry/syoko/sangyo/yuushi/koronamadoguchi.html,島根県：新型コロナウイルスに関する中小企業、小規模事業者向け情報等（トップ,
芦屋市,https://www.city.ashiya.lg.jp/keizai/sefu_net.html,,
豊中市,https://www.city.toyonaka.osaka.jp/joho/kouhou/news/R2news_shisei/2020_01.html,新型コロナウイルス対策信用保証料助成金を創設　豊中市,
菊川市,https://www.city.kikugawa.shizuoka.jp/kosodate/kyouiku/news.html,菊川市／教育委員会ニュース,
八幡浜市,http://www.city.yawatahama.ehime.jp/docs/2020031000044/index.html,【令和２年新型コロナウイルス感染症】事業者向け支援政策について,
菊川市,https://www.city.kikugawa.shizuoka.jp/2020sinngatakorona/matomepezi.html,菊川市／新型コロナウイルス感染症関連情報,
臼杵市,https://www.city.usuki.oita.jp/article/2020032500062/index.html,中小企業向け利子補給制度について（新型コロナウイルス感染症関連）,
神奈川県,https://www.pref.kanagawa.jp/docs/m6c/cnt/f5782/index.html,神奈川県中小企業制度融資,
豊前市,https://www.city.buzen.lg.jp/corona/siharaiyuuyo.html,豊前市公式ホームページ／新型コロナウイルス感染症の影響による税金・使用料などの猶予等について,
小野町,http://www.town.ono.fukushima.jp/soshiki/4/korona-chouzeitouyuuyo.html,新型コロナウイルス感染症の影響により納税が困難な方に対する町税等における猶予制度について,
石川県,https://www.pref.ishikawa.lg.jp/kinyuu/kinyuu/youkou.html,石川県／石川県制度金融要綱集,
高梁市,https://www.city.takahashi.lg.jp/soshiki/9/kodomosyokujiken.html,家族でほっこり！応援事業　子ども食事券について,
群馬県,https://www.pref.gunma.jp/02/d01g_00053.html,群馬県,
北谷町,https://www.chatan.jp/choseijoho/sangyo/shoko2020312.html,新型コロナウイルス感染症により影響を受けた事業者の皆様へ　北谷町公式ホームページ,
函館市,https://www.city.hakodate.hokkaido.jp/docs/2020032500024/index.html,新型コロナウイルス感染症の影響により市税や国保料などの納付が困難な方へ,
白浜町,https://www.town.shirahama.wakayama.jp/soshiki/kanko/kanko/1583750331082.html,新型コロナウィルスの影響がある事業主の方へ／白浜町ホームページ,
雫石町,https://www.town.shizukuishi.iwate.jp/docs/2020040800024/index.html,新型コロナウイルス感染症にかかる支援窓口について,
滋賀県,https://www.pref.shiga.lg.jp/kensei/koho/e-shinbun/oshirase/310809.html,令和2年度「滋賀県中小企業振興資金」の改正について～セーフティネット資金の信用保証料ゼロ等～｜滋賀県ホームページ,
京都府,https://www.pref.kyoto.jp/y-no-shoko/corona_soudan_nourinsuisangyo.html,新型コロナウイルス感染症に関する農林水産業相談窓口について（山城広域振興局）／京都府ホームページ,
富士市,https://www.city.fuji.shizuoka.jp/kyouiku/c0106/rn2ola000002fz3u.html,新型コロナウイルス感染拡大防止にかかる小中学校の臨時休業について,
山形県,http://www.pref.yamagata.jp/ou/shokokanko/110013/folder-kinyu/coronamadoguchi.html,新型コロナウイルスに関する特別金融相談窓口の設置について,
名寄市,http://www.city.nayoro.lg.jp/section/hoken/prkeql0000026oq7.html,北海道名寄市｜,
東久留米市,https://www.city.higashikurume.lg.jp/shisei/jigyosha/1014777.html,新型コロナウイルス感染症に関する事業者支援について（4月16日更新）｜東久留米市ホームページ,
木祖村,http://www.vill.kiso.nagano.jp/lifestage/category/industry/commerce/coronakinnyusoudan.html,新型コロナウイルス感染症に関する中小企業金融相談窓口を設置します,
益子町,http://www.town.mashiko.tochigi.jp/page/page002589.html,新型コロナウイルス感染症の影響による下水道使用料の支払い猶予について&nbsp;|&nbsp;益子町公式ホームページ,
埼玉県,https://www.pref.saitama.lg.jp/a0602/seikatsufukushishikin/tokureikashituke.html,緊急小口資金等の特例貸付について,
中野区,https://www.city.tokyo-nakano.lg.jp/dept/162000/d028625.html,【区内中小企業・小規模事業者の資金繰り支援】融資あっ旋窓口（産業振興センター）は4月8日以降も受付中です。,
埼玉県,https://www.pref.saitama.lg.jp/a0001/news/page/2020/0412-01.html,緊急事態措置の追加実施に伴い休業したネットカフェを宿泊利用していた方に対し、一時的な避難先を提供します,
勝山市,https://www.city.katsuyama.fukui.jp/site/corona/12116.html,新型コロナウイルスに関する農林水産業者への支援について,
常滑市,https://www.city.tokoname.aichi.jp/jigyosha/yushi/index.html,融資｜常滑市,
枚方市,https://www.city.hirakata.osaka.jp/0000027525.html,新型コロナウイルス感染症に関する事業者の方向け情報,
愛媛県,https://www.pref.ehime.jp/h30580/koronakoyouijijosei/koronakoyouijijosei.html,愛媛県庁／愛媛県新型コロナウイルス感染症対策緊急地域雇用維持助成金のご案内,
浦安市,https://www.city.urayasu.lg.jp/kodomo/hoiku/hoikuen/1028871.html,新型コロナウイルス感染症への緊急事態宣言に伴う認可保育所などの休園について｜浦安市公式サイト,
神奈川県,https://www.pref.kanagawa.jp/docs/k5n/soudan/shucho.html,出張労働相談,
犬山市,https://www.city.inuyama.aichi.jp/kurashi/shizei/1000068/1006591.html,新型コロナウイルス感染症の影響により納税が困難な方へ｜犬山市,
神奈川県,https://www.pref.kanagawa.jp/cnt/f5644/index.html,一般労働相談,
経済産業省,https://www.meti.go.jp/press/2020/04/20200408002/20200408002.html,新型コロナウイルス感染症により影響を受ける中小・小規模事業者等を対象に資金繰り支援及び持続化給付金に関する相談を受け付けます,
福島市,https://www.city.fukushima.fukushima.jp/hukushi-shien1/kenko/fukushi/shakai/seikatushienrinzikyuhukin.html,生活支援臨時給付金(仮称)の事業概要と総務省コールセンターのご案内,
中野区,https://www.city.tokyo-nakano.lg.jp/dept/nakano/d028646.html,新型コロナウイルス感染症に関する区内中小企業等への支援など,
愛媛県,https://www.pref.ehime.jp/h30300/koronashinen/shienin.html,愛媛県庁／新型コロナウイルス感染症対策特別支援員の配置について,
清里町,https://www.town.kiyosato.hokkaido.jp/gyousei/news/2020/ncov-info-kiyosato.html,町民の皆様へ(新型コロナウイルス感染症関連情報)｜お知らせ｜北海道清里町,
厚生労働省,https://www.mhlw.go.jp/stf/newpage_10551.html,新型コロナウイルス感染症の影響に伴う雇用調整助成金の特例措置の更なる拡大について,
新潟県,https://www.pref.niigata.lg.jp/sec/kenko/corona-center2.html,新型コロナウイルス感染症に関する一般相談窓口について,
島根県,https://www.pref.shimane.lg.jp/industry/employ/rodo_sodan/sodan/covid-19_koyorodo.html,島根県：新型コロナウイルスに関する雇用・労働関連情報（トップ,
今金町,https://www.town.imakane.lg.jp/gyousei/sangyoukankou/syougyou/32_4.html,各種融資制度のご案内（新型コロナウイルス関連肺炎に係る融資制度追加）|商工業|今金町,
弘前市,https://www.city.hirosaki.aomori.jp/sangyo/syogyo/shoukou-covid19.html,新型コロナウイルス感染症の影響を受ける事業者への支援策,
栗原市,https://www.kuriharacity.jp/w029/010/010/010/020/000/PAGE000000000000007647.html,新型コロナウイルス感染症の影響により水道料金等の納付が困難な方へ｜宮城県栗原市,
法務省,http://www.moj.go.jp/MINJI/minji07_00025.html,法務省：新型コロナウイルス感染症に関連して，相続放棄等の熟慮期間の延長を希望する方へ,
山口県,https://www.pref.yamaguchi.lg.jp/cms/a10700/saigaikeigenn/shinkoku_enchou.html,山口県/税務課/災害等による税の軽減措置等・新型コロナウイルス感染症の拡大防止の観点からの個人の事業税の申告期限の延長について,
小谷村,http://www.vill.otari.nagano.jp/www/contents/1585805928054/index.html,小学校等の臨時休業に伴う保護者の休暇取得支援,
身延町,https://www.town.minobu.lg.jp/info/emergency/2020-0403-kyuugyoutaiousiennkinn.html,新型コロナウイルス感染症による小学校休業等対応支援金の創設｜山梨県身延町,
厚生労働省,https://www.mhlw.go.jp/stf/seisakunitsuite/bunya/0000121431_00110.html,社会福祉・雇用・労働向けの情報一覧（新型コロナウイルス感染症）｜厚生労働省,
上砂川町,http://town.kamisunagawa.hokkaido.jp/確定申告期限を延長します.html,北海道上砂川町公式ホームページ,
石川県,https://www.pref.ishikawa.lg.jp/kousei/seikatsufukushi/seikatsufukushi.html,石川県／生活福祉資金貸付制度・臨時特例つなぎ資金貸付制度について,
沖縄県,https://www.pref.okinawa.jp/site/shoko/rosei/kannsennshou_soudannshiennsaku.html,新型コロナウイルス感染症関連の事業主・労働者向け相談窓口及び支援策について（R2.3.26更新）／沖縄県,
愛媛県,https://www.pref.ehime.jp/h30300/keieishien/020403press.html,愛媛県庁／新型コロナウイルス感染症対策資金（災害関連対策資金）及び保証料補助の実施について,
枚方市,https://www.city.hirakata.osaka.jp/0000028462.html,新型コロナウイルス感染症に係る公共料金の支払いなどに関する相談,
池田市,https://www.city.ikeda.osaka.jp/important/1582853533816.html,新型コロナウイルス感染症に関する市からのお知らせ／池田市ホームページ,
身延町,https://www.town.minobu.lg.jp/info/emergency/20200409-kanko1.html,雇用調整助成金及び小学校休業対応助成金等個別相談課のお知らせ｜山梨県身延町,
藤沢市,https://www.city.fujisawa.kanagawa.jp/mado-c/kurashi/koseki/yuusou.html,【新型コロナウイルス感染症対応】窓口に来庁せずに、郵送で行える手続きがあります｜藤沢市,
鳥羽市,https://www.city.toba.mie.jp/tokutai/yuuyo.html,鳥羽市／納税の猶予制度について,
厚生労働省,https://www.mhlw.go.jp/stf/newpage_10096.html,新型コロナウイルス感染症により影響を受ける個人事業主・フリーランスとの取引に関する配慮について要請します,
文部科学省,https://www.mext.go.jp/b_menu/houdou/2020/mext_00134.html,「アジアに展開する感染症研究拠点を活用した新型コロナウイルス感染症(COVID-19)に関する緊急研究」への科学研究費助成事業（特別研究促進費）による助成について：文部科学省,
青梅市,https://www.city.ome.tokyo.jp/soshiki/2/19408.html,お困りごと相談窓口(令和2年4月20日10時現在),
沖縄県,https://www.pref.okinawa.jp/site/kodomo/korei/shisetsu/r02-tousyo.html,地域介護・福祉空間整備等施設整備交付金における令和2年度当初予算（案）の協議の実施について／沖縄県,
当別町,https://www.town.tobetsu.hokkaido.jp/site/covid-19/25666.html,「新型コロナウイルス感染症」で資金繰りに不安を感じている事業者の皆様へ,
小川町,https://www.town.ogawa.saitama.jp/0000003535.html,新型コロナウイルス感染症に関連した企業への支援について,
那須町,https://www.town.nasu.lg.jp/0122/info-0000001710-1.html,那須町,
鹿児島県,https://www.pref.kagoshima.jp/ae08/hitorioyayuusi.html,鹿児島県／新型コロナウイルス関係でお困りのひとり親家庭に対して融資します！,
伊根町,https://www.town.ine.kyoto.jp/kinkyu/1583728246570.html,【事業者向け】新型コロナウイルスにおける支援策について／伊根町ホームページ,
沖縄県,https://www.pref.okinawa.jp/site/shoko/keiei/kinyu/safety.html,中小企業セーフティネット資金／沖縄県,
かつらぎ町,http://www.town.katsuragi.wakayama.jp/010/20200401145152.html,新型コロナウィルス感染症の影響による水道料金・下水道使用料の納付猶予について,
埼玉県,https://www.pref.saitama.lg.jp/a0809/rodo/rodosodan/index.html,労働相談センター,
松前町,https://www.town.matsumae.hokkaido.jp/hotnews/detail/00000857.html,ビニールハウス購入費を補助します,
岡崎市,https://www.city.okazaki.lg.jp/1100/1184/1174/p026106.html,新型コロナウイルス感染症の影響により水道料金・下水道使用料の支払いが困難な方へ,
九重町,https://www.town.kokonoe.oita.jp/docs/2020022800011/index.html,【17日16時更新】新型コロナウイルス対策本部の設置及び関連情報について,
熱海市,https://www.city.atami.lg.jp/kosodate/kenshin/1007859.html,新型コロナウイルス感染症の拡大防止に伴う乳幼児健診などの対応について｜熱海市公式ウェブサイト,
宇陀市,https://www.city.uda.nara.jp/s-kikaku/kinyuusien-5gou.html,宇陀市／【事業者の方へ】新型コロナウイルス感染症により影響を受けている中小企業・小規模事業者への金融支援について,
水巻町,https://www.town.mizumaki.lg.jp/news/reg/kansen/corona.html,新型コロナウイルス感染症にともなう水巻町からのお知らせ,
広島県,https://www.pref.hiroshima.lg.jp/site/zei/covid19-tax-extnsion.html,新型コロナウイルス感染症の影響により納税が困難となった方へ,
福岡県,https://www.pref.fukuoka.lg.jp/contents/coronavirus-shien.html,新型コロナウイルス感染症に関する労働と事業継続の支援・相談窓口について,
新宿区,https://www.city.shinjuku.lg.jp/jigyo/sangyo01_000001_00011.html,【新型コロナウイルス感染症対応】区独自の特別融資により、利子と信用保証料を全額補助します！！：新宿区,
南風原町,https://www.town.haebaru.lg.jp/docs/2020041000010/index.html,新型コロナウイルス感染症の影響による一時的な資金の緊急貸付等について,
築上町,https://www.town.chikujo.fukuoka.jp/li/070/index.html,新型コロナウイルス感染症関連情報｜福岡県築上町,
吹田市,https://www.city.suita.osaka.jp/coronavirus/_103198.html,吹田市｜新型コロナウイルス関連支援情報一覧,
茨城県,https://www.pref.ibaraki.jp/shokorodo/sansei/20200408.html,新型コロナウイルス感染症に関する中小企業支援策／茨城県,
秦野市,https://www.city.hadano.kanagawa.jp/www/contents/1584938329059/index.html,新型コロナウイルス感染症の影響により納税が困難な方に対する市税における猶予制度,
千代田町,https://www.town.chiyoda.gunma.jp/keizai/syoko/4.html,セーフティネット4号認定について,
福井県,https://www.pref.fukui.lg.jp/doc/sansei/korona-fukuiken.html,新型コロナウイルス感染症で影響を受ける事業者・個人の皆様への支援制度について,
野洲市,https://www.city.yasu.lg.jp/jigyosha/1584576640326.html,新型コロナウイルス感染症に伴う危機関連保証について／野洲市ホームページ,
金融庁,https://www.fsa.go.jp/news/r1/ginkou/20200407.html,「新型コロナウイルス感染症緊急経済対策」を踏まえた資金繰り支援について（要請）：金融庁,
愛媛県,https://www.pref.ehime.jp/h30300/h30300.html,愛媛県庁／経営支援課,
二宮町,https://www.town.ninomiya.kanagawa.jp/important/1586509879315.html,小中学校、休業中の登校の中止について／二宮町ホームページ,
鷹栖町,https://www.town.takasu.hokkaido.jp/kurashi/news/seikatsusienrinjikyufukin.html,,
茨城県,https://www.pref.ibaraki.jp/shokorodo/sansei/sangyo/shosei/chusyo-shien.html,「新型コロナウイルス感染症中小企業支援対策室」等の設置について～雇用や事業継続に係るワンストップ窓口～／茨城県,
枚方市,https://www.city.hirakata.osaka.jp/0000028720.html,新型コロナウイルスによる司法書士総合相談ホットラインの曜日拡大,
名古屋市,http://www.city.nagoya.jp/kurashi/category/414-0-0-0-0-0-0-0-0-0.html,名古屋市:新型コロナウイルス感染症に伴う支援施策（暮らしの情報）,
館山市,https://www.city.tateyama.chiba.jp/shoukan/page100374.html,新型コロナウイルス感染症により影響を受けている中小企業者への支援策について,
国土交通省,http://www.mlit.go.jp/jutakukentiku/house/jutakukentiku_house_tk2_000017.html,住宅：住宅ローン減税,
西原町,http://www.town.nishihara.okinawa.jp/news/200410/04-news.html,沖縄県西原町｜新型コロナウイルス感染症の影響を受ける方々に対する支援策の一覧について,
筑西市,https://www.city.chikusei.lg.jp/page/page006787.html,新型コロナウイルス感染症について&nbsp;|&nbsp;筑西市公式ホームページ,
沖縄県,https://www.pref.okinawa.jp/site/kikaku/chosei/hitodukuri5.html,沖縄県振興審議会　第５回学術・人づくり部会／沖縄県,
旭川市,https://www.city.asahikawa.hokkaido.jp/10013/10014/d069573.html,生活福祉資金（緊急小口資金）特例貸付の御案内,
館山市,https://www.city.tateyama.chiba.jp/shoukan/page100372.html,新型コロナウイルス感染症の影響を踏まえ雇用調整助成金の特例を実施します,
矢巾町,https://www.town.yahaba.iwate.jp/docs/2020030900031/index.html,【事業者向け】新型コロナウイルス感染症に係るセーフティネット保証制度のご案内（３月３０日追記）,
和泉市,http://www.city.osaka-izumi.lg.jp/event/12749.html,【新型コロナウィルス感染拡大防止に伴い日程を変更します】人権文化センター人権啓発研修事業に関する委託事業者公募のお知らせ／和泉市,
交野市,https://www.city.katano.osaka.jp/docs/2020040800031/index.html,新型コロナウイルス感染症の拡大予防等に伴う市税・国民健康保険料・後期高齢者保険料の休日相談窓口の開庁の取扱いについて,
東村山市,https://www.city.higashimurayama.tokyo.jp/kosodate/gakko/20200228korona.html,新型コロナウイルス感染症に関する市内市立小・中学校の対応について／東村山市,
十和田市,http://www.city.towada.lg.jp/docs/2020041000058/index.html,臨時休業措置中の学校での見守りについて,
厚生労働省,https://www.mhlw.go.jp/stf/newpage_10106.html,新型コロナウイルス感染症の影響を踏まえた生活福祉資金貸付制度における緊急小口資金等の特例貸付の実施について,
江東区,https://www.city.koto.lg.jp/056101/kinkyu/2020041001.html,【第21報】国の緊急事態宣言発令に伴う区内認可保育園の臨時休園について（2020年4月10日）｜江東区,
羽生市,https://www.city.hanyu.lg.jp/docs/2020041300035/index.html,羽生市版「デリバリー＆テイクアウトマップ」作成に伴う掲載店を募集！,
長和町,https://town.nagawa.nagano.jp/docs/2020030500019/index.html,新型コロナウイルス感染症関連情報,
茨城県,https://www.pref.ibaraki.jp/shokorodo/sansei/kinyu/shosei/yushi/yushitop.html,中小企業向け融資制度のご案内／茨城県,
山北町,https://www.town.yamakita.kanagawa.jp/0000004701.html,【新型コロナウイルス感染症関連】小学校の臨時休業に伴うやまきた児童クラブの対応について,
亀山市,https://www.city.kameyama.mie.jp/soshiki/sousei/zeimu/shuunou/docs/2020040700010/index.html,税や保険料等の納付が困難な方に対する猶予制度について,
京都府,https://www.pref.kyoto.jp/info/gyosei/soshiki/085/index.html,商工労働観光部,
栃木県,http://www.pref.tochigi.lg.jp/e01/welfare/chiikifukushi/zenpan/seikatuhukushishikinntokurei.html,栃木県／生活福祉資金の特例貸付の実施について,
伊丹市,https://www.city.itami.lg.jp/SOSIKI/ZAISEIKIBAN/TYOSYU/1584928697614.html,新型コロナウイルス感染症の影響による市税の猶予制度について／伊丹市ホームページ,
京田辺市,https://www.kyotanabe.jp/0000014502.html,新型コロナウイルス感染症に関する情報について（事業所の方向け）,
八王子市,https://www.city.hachioji.tokyo.jp/kurashi/sangyo/001/p026281.html,新型コロナウイルスに関連する中小企業者等の支援について｜八王子市公式ホームページ,
広島県,https://www.pref.hiroshima.lg.jp/site/kyouiku/06senior-2nd-syougakukin.html,広島県高等学校等奨学金について,
長野県,https://www.pref.nagano.lg.jp/chiiki-fukushi/happyou/200319-fukushishikinpress.html,新型コロナウイルス感染症の影響を踏まえ生活福祉資金貸付制度の緊急小口資金等の特例貸付を実施します／長野県,
鹿島市,https://www.city.saga-kashima.lg.jp/main/19714.html,新型コロナウイルス感染症による小学校休業等対応助成金について,
東京都,https://www.metro.tokyo.lg.jp/tosei/hodohappyo/press/2020/01/30/15.html,新型コロナウイルス関連の中小企業者等特別相談窓口設置｜東京都,
昭島市,https://www.city.akishima.lg.jp/s002/030/040/020/20200409172527.html,【新型コロナウイルス感染症】相談窓口｜昭島市,
大分県,https://www.pref.oita.jp/site/covid19-oita/korona-shiensesaku.html,事業者の皆様へ～新型コロナウイルスに関する支援策等について～,
枚方市,https://www.city.hirakata.osaka.jp/0000027932.html,新型コロナウイルスに関する上下水道局からのお知らせ,
神栖市,https://www.city.kamisu.ibaraki.jp/iryo_fks/1006048/1006142/1006220.html,市内の保育園・認定こども園などの受け入れ再開,
阿南町,http://www.town.anan.nagano.jp/tyomin/cat396/002002.html,あなん共通商品券を販売します！20％もお得｜新型コロナウイルス関連情報｜町民の方へ｜阿南町ウェブサイト,
