札幌市,,https://www.city.sapporo.jp/
函館市,,https://www.city.hakodate.hokkaido.jp/
小樽市,,https://www.city.otaru.lg.jp/
旭川市,,https://www.city.asahikawa.hokkaido.jp/
室蘭市,,https://www.city.muroran.lg.jp/
釧路市,,https://www.city.kushiro.lg.jp/
帯広市,,https://www.city.obihiro.hokkaido.jp/
北見市,,https://www.city.kitami.lg.jp/
夕張市,,https://www.city.yubari.lg.jp/
岩見沢市,,https://www.city.iwamizawa.hokkaido.jp/
網走市,,https://www.city.abashiri.hokkaido.jp/
留萌市,,https://www.e-rumoi.jp/
苫小牧市,,http://www.city.tomakomai.hokkaido.jp/
稚内市,,https://www.city.wakkanai.hokkaido.jp/
美唄市,,http://www.city.bibai.hokkaido.jp/
芦別市,,https://www.city.ashibetsu.hokkaido.jp/
江別市,,https://www.city.ebetsu.hokkaido.jp/
赤平市,,http://www.city.akabira.hokkaido.jp/
紋別市,,https://mombetsu.jp/
士別市,,http://www.city.shibetsu.lg.jp/www/index.html
名寄市,,http://www.city.nayoro.lg.jp/
三笠市,,https://www.city.mikasa.hokkaido.jp/
根室市,,https://www.city.nemuro.hokkaido.jp/
千歳市,,https://www.city.chitose.hokkaido.jp/index_chitose.html
滝川市,,https://www.city.takikawa.hokkaido.jp/
砂川市,,https://www.city.sunagawa.hokkaido.jp/
歌志内市,,https://www.city.utashinai.hokkaido.jp/
深川市,,https://www.city.fukagawa.lg.jp/
富良野市,,http://www.city.furano.hokkaido.jp/
登別市,,http://www.city.noboribetsu.lg.jp/
恵庭市,,http://www.city.eniwa.hokkaido.jp/www/toppage/0000000000000/APM03000.html
伊達市,,https://www.city.date.hokkaido.jp/
北広島市,,https://www.city.kitahiroshima.hokkaido.jp/
石狩市,,http://www.city.ishikari.hokkaido.jp/
北斗市,,https://www.city.hokuto.hokkaido.jp/index.html
当別町,,https://www.town.tobetsu.hokkaido.jp/
新篠津村,,https://www.vill.shinshinotsu.hokkaido.jp/
松前町,,https://www.town.matsumae.hokkaido.jp/
福島町,,http://www.town.fukushima.hokkaido.jp/
知内町,,https://www.town.shiriuchi.hokkaido.jp/
木古内町,,https://www.town.kikonai.hokkaido.jp/
七飯町,,https://www.town.nanae.hokkaido.jp/
鹿部町,,http://www.town.shikabe.lg.jp/
森町,,https://www.town.hokkaido-mori.lg.jp/
八雲町,,https://www.town.yakumo.lg.jp/
長万部町,,http://www.town.oshamambe.lg.jp/index.php
江差町,,https://www.hokkaido-esashi.jp/
上ノ国町,,http://www.town.kaminokuni.lg.jp/
厚沢部町,,https://www.town.assabu.lg.jp/index.php
乙部町,,https://www.town.otobe.lg.jp/
奥尻町,,http://www.town.okushiri.lg.jp/
今金町,,https://www.town.imakane.lg.jp/
せたな町,,https://www.town.setana.lg.jp/
島牧村,,http://www.vill.shimamaki.lg.jp/
寿都町,,http://www.town.suttu.lg.jp/
黒松内町,,http://www.kuromatsunai.com/
蘭越町,,https://www.town.rankoshi.hokkaido.jp/
ニセコ町,,https://www.town.niseko.lg.jp/
真狩村,,http://makkari.info/
留寿都村,,https://www.vill.rusutsu.lg.jp/
喜茂別町,,http://www.town.kimobetsu.hokkaido.jp/
京極町,,http://www.town-kyogoku.jp/
倶知安町,,https://www.town.kutchan.hokkaido.jp/
共和町,,https://www.town.kyowa.hokkaido.jp/
岩内町,,https://www.town.iwanai.hokkaido.jp/
泊村,,http://www.vill.tomari.hokkaido.jp/
神恵内村,,https://www.vill.kamoenai.hokkaido.jp/
積丹町,,http://www.town.shakotan.hokkaido.jp/
古平町,,http://www.town.furubira.lg.jp/
仁木町,,http://www.town.niki.hokkaido.jp/
余市町,,https://www.town.yoichi.hokkaido.jp/
赤井川村,,https://www.akaigawa.com/
南幌町,,http://www.town.nanporo.hokkaido.jp/
奈井江町,,http://www.town.naie.hokkaido.jp/
上砂川町,,http://town.kamisunagawa.hokkaido.jp/
由仁町,,http://www.town.yuni.lg.jp/
長沼町,,https://www.maoi-net.jp/
栗山町,,http://www.town.kuriyama.hokkaido.jp/
月形町,,https://www.town.tsukigata.hokkaido.jp/
浦臼町,,https://www.town.urausu.hokkaido.jp/
新十津川町,,https://www.town.shintotsukawa.lg.jp/
妹背牛町,,https://www.town.moseushi.hokkaido.jp/
秩父別町,,http://www.town.chippubetsu.hokkaido.jp/
雨竜町,,https://www.town.uryu.hokkaido.jp/
北竜町,,http://www.town.hokuryu.hokkaido.jp/
沼田町,,https://www.town.numata.hokkaido.jp/
鷹栖町,,https://www.town.takasu.hokkaido.jp/
東神楽町,,https://www.town.higashikagura.lg.jp/
当麻町,,http://town.tohma.hokkaido.jp/
比布町,,http://www.town.pippu.hokkaido.jp/
愛別町,,http://www.town.aibetsu.hokkaido.jp/
上川町,,https://www.town.hokkaido-kamikawa.lg.jp/
東川町,,https://town.higashikawa.hokkaido.jp/
美瑛町,,https://town.biei.hokkaido.jp/
上富良野町,,https://www.town.kamifurano.hokkaido.jp/
中富良野町,,https://www.town.nakafurano.lg.jp/
南富良野町,,https://www.town.minamifurano.hokkaido.jp/
占冠村,,http://www.vill.shimukappu.lg.jp/
和寒町,,https://www.town.wassamu.hokkaido.jp/
剣淵町,,https://www.town.kembuchi.hokkaido.jp/wp-content/cache/all//index.html
下川町,,https://www.town.shimokawa.hokkaido.jp/
美深町,,http://www.town.bifuka.hokkaido.jp/
音威子府村,,https://www.vill.otoineppu.hokkaido.jp/
中川町,,http://www.town.nakagawa.hokkaido.jp/
幌加内町,,http://www.town.horokanai.hokkaido.jp/
増毛町,,https://www.town.mashike.hokkaido.jp/
小平町,,https://www.town.obira.hokkaido.jp/
苫前町,,http://www.town.tomamae.lg.jp/
羽幌町,,https://www.town.haboro.lg.jp/
初山別村,,http://www.vill.shosanbetsu.lg.jp/
遠別町,,http://www.town.embetsu.hokkaido.jp/
天塩町,,http://www.teshiotown.hokkaido.jp/
猿払村,,https://www.vill.sarufutsu.hokkaido.jp/
浜頓別町,,http://www.town.hamatonbetsu.hokkaido.jp/
中頓別町,,http://www.town.nakatombetsu.hokkaido.jp/
枝幸町,,http://www.town.esashi.hokkaido.jp/transfer.html
豊富町,,https://www.town.toyotomi.hokkaido.jp/
礼文町,,https://www.town.rebun.hokkaido.jp/
利尻町,,http://www.town.rishiri.hokkaido.jp/2s_index.htm
利尻富士町,,https://www.town.rishirifuji.hokkaido.jp/
幌延町,,http://www.town.horonobe.hokkaido.jp/
美幌町,,http://www.town.bihoro.hokkaido.jp/
津別町,,https://www.town.tsubetsu.hokkaido.jp/
斜里町,,https://www.town.shari.hokkaido.jp/
清里町,,https://www.town.kiyosato.hokkaido.jp/
小清水町,,https://www.town.koshimizu.hokkaido.jp/
訓子府町,,http://www.town.kunneppu.hokkaido.jp/
置戸町,,http://www.town.oketo.hokkaido.jp/
佐呂間町,,https://www.town.saroma.hokkaido.jp/
遠軽町,,http://engaru.jp/
湧別町,,https://www.town.yubetsu.lg.jp/
滝上町,,https://www.town.takinoue.hokkaido.jp/
興部町,,https://www.town.okoppe.lg.jp/cms/
西興部村,,https://www.vill.nishiokoppe.lg.jp/
雄武町,,http://www.town.oumu.hokkaido.jp/
大空町,,http://www.town.ozora.hokkaido.jp/
豊浦町,,https://www.town.toyoura.hokkaido.jp/
壮瞥町,,https://www.town.sobetsu.lg.jp/
白老町,,http://www.town.shiraoi.hokkaido.jp/
厚真町,,http://www.town.atsuma.lg.jp/office/
洞爺湖町,,http://www.town.toyako.hokkaido.jp/
安平町,,https://www.town.abira.lg.jp/
むかわ町,,http://www.town.mukawa.lg.jp/
日高町,,https://www.town.hidaka.hokkaido.jp/
平取町,,http://www.town.biratori.hokkaido.jp/
新冠町,,http://www.niikappu.jp/
浦河町,,https://www.town.urakawa.hokkaido.jp/
様似町,,http://www.samani.jp/
えりも町,,https://www.town.erimo.lg.jp/
新ひだか町,,https://www.shinhidaka-hokkaido.jp/
音更町,,https://www.town.otofuke.hokkaido.jp/
士幌町,,http://www.shihoro.jp/
上士幌町,,https://www.kamishihoro.jp/
鹿追町,,https://www.town.shikaoi.lg.jp/
新得町,,https://www.shintoku-town.jp/
清水町,,https://www.town.shimizu.hokkaido.jp/
芽室町,,http://www.memuro.net/
中札内村,,http://www.vill.nakasatsunai.hokkaido.jp/
更別村,,https://www.sarabetsu.jp/
大樹町,,https://www.town.taiki.hokkaido.jp/
広尾町,,http://www.town.hiroo.hokkaido.jp/
幕別町,,https://www.town.makubetsu.lg.jp/
池田町,,https://www.town.hokkaido-ikeda.lg.jp/
豊頃町,,http://www.toyokoro.jp/
本別町,,https://www.town.honbetsu.hokkaido.jp/
足寄町,,https://www.town.ashoro.hokkaido.jp/
陸別町,,https://www.rikubetsu.jp/
浦幌町,,https://www.urahoro.jp/
釧路町,,http://www.town.kushiro.lg.jp/
厚岸町,,https://www.akkeshi-town.jp/
浜中町,,https://www.townhamanaka.jp/
標茶町,,http://www.town.shibecha.hokkaido.jp/
弟子屈町,,https://www.town.teshikaga.hokkaido.jp/
鶴居村,,https://www.vill.tsurui.lg.jp/
白糠町,,https://www.town.shiranuka.lg.jp/
別海町,,https://betsukai.jp/
中標津町,,https://www.nakashibetsu.jp/
標津町,,https://www.shibetsutown.jp/
羅臼町,,http://www.rausu-town.jp/
青森市,,https://www.city.aomori.aomori.jp/
弘前市,,https://www.city.hirosaki.aomori.jp/
八戸市,,https://www.city.hachinohe.aomori.jp/
黒石市,,http://www.city.kuroishi.aomori.jp/
五所川原市,,https://www.city.goshogawara.lg.jp/
十和田市,,http://www.city.towada.lg.jp/
三沢市,,https://www.city.misawa.lg.jp/
むつ市,,https://www.city.mutsu.lg.jp/
つがる市,,https://www.city.tsugaru.aomori.jp/
平川市,,https://www.city.hirakawa.lg.jp/
平内町,,http://www.town.hiranai.aomori.jp/
今別町,,https://www.town.imabetsu.lg.jp/
蓬田村,,http://www.vill.yomogita.lg.jp/
外ヶ浜町,,http://www.town.sotogahama.lg.jp/
鰺ヶ沢町,,http://www.town.ajigasawa.lg.jp/
深浦町,,https://www.town.fukaura.lg.jp/
西目屋村,,https://www.nishimeya.jp/
藤崎町,,http://www.town.fujisaki.lg.jp/
大鰐町,,http://www.town.owani.lg.jp/
田舎館村,,http://www.vill.inakadate.lg.jp/
板柳町,,https://www.town.itayanagi.aomori.jp/
鶴田町,,https://www.town.tsuruta.aomori.jp/
中泊町,,http://www.town.nakadomari.lg.jp/index.cfm
野辺地町,,http://www.town.noheji.aomori.jp/
七戸町,,https://www.town.shichinohe.lg.jp/
六戸町,,http://www.town.rokunohe.aomori.jp/
横浜町,,http://www.town.yokohama.lg.jp/
東北町,,http://www.town.tohoku.lg.jp/
六ヶ所村,,http://www.rokkasho.jp/
おいらせ町,,https://www.town.oirase.aomori.jp/
大間町,,http://www.town.ooma.lg.jp/
東通村,,http://www.vill.higashidoori.lg.jp/
風間浦村,,https://www.kazamaura.jp/
佐井村,,http://www.vill.sai.lg.jp/
三戸町,,https://town.sannohe.aomori.jp/
五戸町,,https://www.town.gonohe.aomori.jp/
田子町,,http://www.town.takko.lg.jp/
南部町,,https://www.town.aomori-nanbu.lg.jp/
階上町,,https://www.town.hashikami.lg.jp/
新郷村,,http://www.vill.shingo.aomori.jp/
盛岡市,,https://www.city.morioka.iwate.jp/
宮古市,,https://www.city.miyako.iwate.jp/
大船渡市,,http://www.city.ofunato.iwate.jp/www/toppage/0000000000000/APM03000.html
花巻市,,https://www.city.hanamaki.iwate.jp/
北上市,,https://www.city.kitakami.iwate.jp/
久慈市,,https://www.city.kuji.iwate.jp/index.html
遠野市,,https://www.city.tono.iwate.jp/
一関市,,https://www.city.ichinoseki.iwate.jp/
陸前高田市,,http://www.city.rikuzentakata.iwate.jp/
釜石市,,http://www.city.kamaishi.iwate.jp/
二戸市,,https://www.city.ninohe.lg.jp/forms/top/top.aspx
八幡平市,,https://www.city.hachimantai.lg.jp/
奥州市,,https://www.city.oshu.iwate.jp/
滝沢市,,http://www.city.takizawa.iwate.jp/
雫石町,,https://www.town.shizukuishi.iwate.jp/
葛巻町,,https://www.town.kuzumaki.iwate.jp/
岩手町,,http://town.iwate.iwate.jp/
紫波町,,https://www.town.shiwa.iwate.jp/
矢巾町,,https://www.town.yahaba.iwate.jp/
西和賀町,,http://www.town.nishiwaga.lg.jp/
金ケ崎町,,http://www.town.kanegasaki.iwate.jp/
平泉町,,https://www.town.hiraizumi.iwate.jp/
住田町,,https://www.town.sumita.iwate.jp/
大槌町,,https://www.town.otsuchi.iwate.jp/
山田町,,https://www.town.yamada.iwate.jp/
岩泉町,,https://www.town.iwaizumi.lg.jp/
田野畑村,,https://www.vill.tanohata.iwate.jp/
普代村,,http://www.vill.fudai.iwate.jp/
軽米町,,http://www.town.karumai.iwate.jp/index.html
野田村,,https://www.vill.noda.iwate.jp/
九戸村,,http://www.vill.kunohe.iwate.jp/
洋野町,,http://www.town.hirono.iwate.jp/
一戸町,,http://www.town.ichinohe.iwate.jp/
仙台市,,https://www.city.sendai.jp/
石巻市,,https://www.city.ishinomaki.lg.jp/
塩竈市,,https://www.city.shiogama.miyagi.jp/
気仙沼市,,https://www.kesennuma.miyagi.jp/
白石市,,https://www.city.shiroishi.miyagi.jp/
名取市,,https://www.city.natori.miyagi.jp/
角田市,,http://www.city.kakuda.lg.jp/
多賀城市,,https://www.city.tagajo.miyagi.jp/
岩沼市,,https://www.city.iwanuma.miyagi.jp/
登米市,,https://www.city.tome.miyagi.jp/
栗原市,,https://www.kuriharacity.jp/
東松島市,,https://www.city.higashimatsushima.miyagi.jp/
大崎市,,https://www.city.osaki.miyagi.jp/
富谷市,,https://www.tomiya-city.miyagi.jp/
蔵王町,,http://www.town.zao.miyagi.jp/
七ヶ宿町,,
大河原町,,https://www.town.ogawara.miyagi.jp/
村田町,,http://www.town.murata.miyagi.jp/
柴田町,,https://www.town.shibata.miyagi.jp/
川崎町,,http://www.town.kawasaki.miyagi.jp/
丸森町,,http://www.town.marumori.miyagi.jp/
亘理町,,https://www.town.watari.miyagi.jp/
山元町,,https://www.town.yamamoto.miyagi.jp/
松島町,,https://www.town.miyagi-matsushima.lg.jp/
七ヶ浜町,,https://www.shichigahama.com/
利府町,,http://www.town.rifu.miyagi.jp/www/toppage/0000000000000/APM03000.html
大和町,,https://www.town.taiwa.miyagi.jp/
大郷町,,https://www.town.miyagi-osato.lg.jp/
大衡村,,http://www.village.ohira.miyagi.jp/
色麻町,,http://www.town.shikama.miyagi.jp/
加美町,,http://www.town.kami.miyagi.jp/
涌谷町,,http://www.town.wakuya.miyagi.jp/
美里町,,http://www.town.misato.miyagi.jp/
女川町,,http://www.town.onagawa.miyagi.jp/
南三陸町,,https://www.town.minamisanriku.miyagi.jp/
秋田市,,https://www.city.akita.akita.jp/
能代市,,https://www.city.noshiro.akita.jp/
横手市,,https://www.city.yokote.lg.jp/
大館市,,http://www.city.odate.akita.jp/
男鹿市,,http://www.city.oga.akita.jp/
湯沢市,,http://www.city-yuzawa.jp/
鹿角市,,https://www.city.kazuno.akita.jp/
由利本荘市,,https://www.city.yurihonjo.lg.jp/
潟上市,,http://www.city.katagami.lg.jp/
大仙市,,https://www.city.daisen.akita.jp/
北秋田市,,https://www.city.kitaakita.akita.jp/
にかほ市,,https://www.city.nikaho.akita.jp/
仙北市,,https://www.city.semboku.akita.jp/
小坂町,,https://www.town.kosaka.akita.jp/
上小阿仁村,,https://www.vill.kamikoani.akita.jp/forms/top/top.aspx
藤里町,,https://www.town.fujisato.akita.jp/
三種町,,https://www.town.mitane.akita.jp/
八峰町,,https://www.town.happou.akita.jp/
五城目町,,https://www.town.gojome.akita.jp/
八郎潟町,,https://www.town.hachirogata.akita.jp/
井川町,,http://www.town.ikawa.akita.jp/
大潟村,,https://www.ogata.or.jp/
美郷町,,https://www.town.misato.akita.jp/
羽後町,,https://www.town.ugo.lg.jp/
東成瀬村,,http://www.higashinaruse.com/
山形市,,https://www.city.yamagata-yamagata.lg.jp/
米沢市,,http://www.city.yonezawa.yamagata.jp/
鶴岡市,,https://www.city.tsuruoka.lg.jp/
酒田市,,https://www.city.sakata.lg.jp/
新庄市,,https://www.city.shinjo.yamagata.jp/
寒河江市,,https://www.city.sagae.yamagata.jp/
上山市,,https://www.city.kaminoyama.yamagata.jp/
村山市,,https://www.city.murayama.lg.jp/
長井市,,https://www.city.nagai.yamagata.jp/
天童市,,https://www.city.tendo.yamagata.jp/
東根市,,https://www.city.higashine.yamagata.jp/
尾花沢市,,http://www.city.obanazawa.yamagata.jp/
南陽市,,http://www.city.nanyo.yamagata.jp/
山辺町,,https://www.town.yamanobe.yamagata.jp/
中山町,,https://www.town.nakayama.yamagata.jp/
河北町,,http://www.town.kahoku.yamagata.jp/
西川町,,https://www.town.nishikawa.yamagata.jp/
朝日町,,https://www.town.asahi.yamagata.jp/
大江町,,http://www.town.oe.yamagata.jp/
大石田町,,https://www.town.oishida.yamagata.jp/
金山町,,https://www.town.kaneyama.yamagata.jp/
最上町,,http://mogami.tv/
舟形町,,http://www.town.funagata.yamagata.jp/
真室川町,,http://www.yume-net.org/
大蔵村,,http://www.vill.ohkura.yamagata.jp/
鮭川村,,http://www.vill.sakegawa.yamagata.jp/
戸沢村,,http://www.vill.tozawa.yamagata.jp/
高畠町,,https://www.town.takahata.yamagata.jp/
川西町,,https://www.town.kawanishi.yamagata.jp/
小国町,,http://www.town.oguni.yamagata.jp/
白鷹町,,http://www.town.shirataka.lg.jp/
飯豊町,,https://www.town.iide.yamagata.jp/
三川町,,https://www.town.mikawa.yamagata.jp/
庄内町,,https://www.town.shonai.lg.jp/
遊佐町,,http://www.town.yuza.yamagata.jp/
福島市,,https://www.city.fukushima.fukushima.jp/
会津若松市,,https://www.city.aizuwakamatsu.fukushima.jp/
郡山市,,https://www.city.koriyama.fukushima.jp/index.html
いわき市,,http://www.city.iwaki.lg.jp/www/index.html
白河市,,http://www.city.shirakawa.fukushima.jp/
須賀川市,,https://www.city.sukagawa.fukushima.jp/
喜多方市,,https://www.city.kitakata.fukushima.jp/
相馬市,,https://www.city.soma.fukushima.jp/
二本松市,,http://www.city.nihonmatsu.lg.jp/
田村市,,http://www.city.tamura.lg.jp/
南相馬市,,https://www.city.minamisoma.lg.jp/
伊達市,,https://www.city.fukushima-date.lg.jp/
本宮市,,https://www.city.motomiya.lg.jp/
桑折町,,https://www.town.koori.fukushima.jp/
国見町,,https://www.town.kunimi.fukushima.jp/
川俣町,,https://www.town.kawamata.lg.jp/
大玉村,,https://www.vill.otama.fukushima.jp/
鏡石町,,https://www.town.kagamiishi.fukushima.jp/
天栄村,,https://www.vill.tenei.fukushima.jp/
下郷町,,https://www.town.shimogo.fukushima.jp/
檜枝岐村,,http://www.hinoemata.com/
只見町,,https://www.town.tadami.lg.jp/
南会津町,,http://www.minamiaizu.org/
北塩原村,,http://www.vill.kitashiobara.fukushima.jp/
西会津町,,https://www.town.nishiaizu.fukushima.jp/
磐梯町,,https://www.town.bandai.fukushima.jp/
猪苗代町,,https://www.town.inawashiro.fukushima.jp/
会津坂下町,,https://www.town.aizubange.fukushima.jp/
湯川村,,http://www.vill.yugawa.fukushima.jp/
柳津町,,https://www.town.yanaizu.fukushima.jp/
三島町,,http://www.town.mishima.fukushima.jp/
金山町,,https://www.town.kaneyama.fukushima.jp/
昭和村,,http://www.vill.showa.fukushima.jp/
会津美里町,,https://www.town.aizumisato.fukushima.jp/
西郷村,,https://www.vill.nishigo.fukushima.jp/
泉崎村,,https://www.vill.izumizaki.fukushima.jp/
中島村,,http://www.vill-nakajima.jp/
矢吹町,,http://www.town.yabuki.fukushima.jp/
棚倉町,,http://www.town.tanagura.fukushima.jp/
矢祭町,,http://www.town.yamatsuri.fukushima.jp/
塙町,,http://www.town.hanawa.fukushima.jp/
鮫川村,,https://www.vill.samegawa.fukushima.jp/
石川町,,http://www.town.ishikawa.fukushima.jp/
玉川村,,https://www.vill.tamakawa.fukushima.jp/
平田村,,https://www.vill.hirata.fukushima.jp/
浅川町,,http://www.town.asakawa.fukushima.jp/
古殿町,,https://www.town.furudono.fukushima.jp/
三春町,,http://www.town.miharu.fukushima.jp/
小野町,,http://www.town.ono.fukushima.jp/
広野町,,https://www.town.hirono.fukushima.jp/
楢葉町,,https://www.town.naraha.lg.jp/
富岡町,,https://www.tomioka-town.jp/
川内村,,http://www.kawauchimura.jp/
大熊町,,https://www.town.okuma.fukushima.jp/
双葉町,,https://www.town.fukushima-futaba.lg.jp/
浪江町,,https://www.town.namie.fukushima.jp/
葛尾村,,https://www.katsurao.org/
新地町,,https://www.shinchi-town.jp/
飯舘村,,https://www.vill.iitate.fukushima.jp/
水戸市,,https://www.city.mito.lg.jp/
日立市,,https://www.city.hitachi.lg.jp/
土浦市,,https://www.city.tsuchiura.lg.jp/index.html
古河市,,https://www.city.ibaraki-koga.lg.jp/
石岡市,,https://www.city.ishioka.lg.jp/
結城市,,https://www.city.yuki.lg.jp/
龍ケ崎市,,https://www.city.ryugasaki.ibaraki.jp/
下妻市,,http://www.city.shimotsuma.lg.jp/
常総市,,https://www.city.joso.lg.jp/
常陸太田市,,http://www.city.hitachiota.ibaraki.jp/
高萩市,,http://www.city.takahagi.ibaraki.jp/index.html
北茨城市,,http://www.city.kitaibaraki.lg.jp/
笠間市,,https://www.city.kasama.lg.jp/index.html
取手市,,https://www.city.toride.ibaraki.jp/
牛久市,,http://www.city.ushiku.lg.jp/
つくば市,,https://www.city.tsukuba.lg.jp/
ひたちなか市,,https://www.city.hitachinaka.lg.jp/
鹿嶋市,,http://www.city.kashima.ibaraki.jp/
潮来市,,https://www.city.itako.lg.jp/
守谷市,,https://www.city.moriya.ibaraki.jp/
常陸大宮市,,http://www.city.hitachiomiya.lg.jp/
那珂市,,http://www.city.naka.lg.jp/
筑西市,,https://www.city.chikusei.lg.jp/index.html
坂東市,,http://www.city.bando.lg.jp/
稲敷市,,https://www.city.inashiki.lg.jp/index.html
かすみがうら市,,https://www.city.kasumigaura.lg.jp/
桜川市,,http://www.city.sakuragawa.lg.jp/index.html
神栖市,,https://www.city.kamisu.ibaraki.jp/
行方市,,https://www.city.namegata.ibaraki.jp/
鉾田市,,https://www.city.hokota.lg.jp/
つくばみらい市,,https://www.city.tsukubamirai.lg.jp/
小美玉市,,https://www.city.omitama.lg.jp/
茨城町,,https://www.town.ibaraki.lg.jp/
大洗町,,https://www.town.oarai.lg.jp/
城里町,,http://www.town.shirosato.lg.jp/
東海村,,https://www.vill.tokai.ibaraki.jp/
大子町,,http://www.town.daigo.ibaraki.jp/
美浦村,,https://www.vill.miho.lg.jp/
阿見町,,https://www.town.ami.lg.jp/
河内町,,http://www.town.ibaraki-kawachi.lg.jp/
八千代町,,http://www.town.ibaraki-yachiyo.lg.jp/
五霞町,,https://www.town.goka.lg.jp/
境町,,http://www.town.sakai.ibaraki.jp/
利根町,,http://www.town.tone.ibaraki.jp/
宇都宮市,,https://www.city.utsunomiya.tochigi.jp/
足利市,,https://www.city.ashikaga.tochigi.jp/
栃木市,,https://www.city.tochigi.lg.jp/
佐野市,,https://www.city.sano.lg.jp/
鹿沼市,,https://www.city.kanuma.tochigi.jp/
日光市,,https://www.city.nikko.lg.jp/
小山市,,https://www.city.oyama.tochigi.jp/
真岡市,,https://www.city.moka.lg.jp/
大田原市,,https://www.city.ohtawara.tochigi.jp/
矢板市,,https://www.city.yaita.tochigi.jp/
那須塩原市,,https://www.city.nasushiobara.lg.jp/
さくら市,,https://www.city.tochigi-sakura.lg.jp/
那須烏山市,,https://www.city.nasukarasuyama.lg.jp/
下野市,,https://www.city.shimotsuke.lg.jp/
上三川町,,https://www.town.kaminokawa.tochigi.jp/
益子町,,http://www.town.mashiko.tochigi.jp/
茂木町,,https://www.town.motegi.tochigi.jp/
市貝町,,https://www.town.ichikai.tochigi.jp/forms/top/top.aspx
芳賀町,,https://www.town.haga.tochigi.jp/
壬生町,,http://www.town.mibu.tochigi.jp/
野木町,,http://www.town.nogi.lg.jp/
塩谷町,,https://www.town.shioya.tochigi.jp/forms/top/top.aspx
高根沢町,,https://www.town.takanezawa.tochigi.jp/
那須町,,https://www.town.nasu.lg.jp/
那珂川町,,http://www.town.tochigi-nakagawa.lg.jp/
前橋市,,https://www.city.maebashi.gunma.jp/
高崎市,,https://www.city.takasaki.gunma.jp/
桐生市,,https://www.city.kiryu.lg.jp/
伊勢崎市,,https://www.city.isesaki.lg.jp/
太田市,,https://www.city.ota.gunma.jp/
沼田市,,https://www.city.numata.gunma.jp/
館林市,,http://www.city.tatebayashi.gunma.jp/
渋川市,,https://www.city.shibukawa.lg.jp/
藤岡市,,https://www.city.fujioka.gunma.jp/
富岡市,,https://www.city.tomioka.lg.jp/www/toppage/0000000000000/APM03000.html
安中市,,https://www.city.annaka.lg.jp/
みどり市,,https://www.city.midori.gunma.jp/www/toppage/0000000000000/APM03000.html
榛東村,,http://www.vill.shinto.gunma.jp/
吉岡町,,https://www.town.yoshioka.gunma.jp/
上野村,,http://www.uenomura.ne.jp/
神流町,,http://www.town.kanna.gunma.jp/
下仁田町,,https://www.town.shimonita.lg.jp/
南牧村,,https://www.nanmoku.ne.jp/
甘楽町,,http://www.town.kanra.gunma.jp/
中之条町,,https://www.town.nakanojo.gunma.jp/
長野原町,,http://www.town.naganohara.gunma.jp/
嬬恋村,,https://www.vill.tsumagoi.gunma.jp/
草津町,,https://www.town.kusatsu.gunma.jp/
高山村,,https://vill.takayama.gunma.jp/
東吾妻町,,http://www1.town.higashiagatsuma.gunma.jp/
片品村,,https://www.vill.katashina.gunma.jp/
川場村,,http://www.vill.kawaba.gunma.jp/
昭和村,,https://www.vill.showa.gunma.jp/
みなかみ町,,https://www.town.minakami.gunma.jp/
玉村町,,https://www.town.tamamura.lg.jp/
板倉町,,https://www.town.itakura.gunma.jp/
明和町,,https://www.town.meiwa.gunma.jp/
千代田町,,https://www.town.chiyoda.gunma.jp/
大泉町,,https://www.town.oizumi.gunma.jp/
邑楽町,,https://www.town.ora.gunma.jp/
さいたま市,,https://www.city.saitama.jp/
川越市,,https://www.city.kawagoe.saitama.jp/
熊谷市,,https://www.city.kumagaya.lg.jp/
川口市,,https://www.city.kawaguchi.lg.jp/
行田市,,https://www.city.gyoda.lg.jp/
秩父市,,https://www.city.chichibu.lg.jp/
所沢市,,https://www.city.tokorozawa.saitama.jp/
飯能市,,https://www.city.hanno.lg.jp
加須市,,https://www.city.kazo.lg.jp/
本庄市,,https://www.city.honjo.lg.jp/
東松山市,,https://www.city.higashimatsuyama.lg.jp/
春日部市,,https://www.city.kasukabe.lg.jp/
狭山市,,https://www.city.sayama.saitama.jp/
羽生市,,https://www.city.hanyu.lg.jp/
鴻巣市,,https://www.city.kounosu.saitama.jp/
深谷市,,https://www.city.fukaya.saitama.jp/
上尾市,,https://www.city.ageo.lg.jp/
草加市,,https://www.city.soka.saitama.jp/
越谷市,,https://www.city.koshigaya.saitama.jp/
蕨市,,https://www.city.warabi.saitama.jp/
戸田市,,https://www.city.toda.saitama.jp/
入間市,,https://www.city.iruma.saitama.jp/
朝霞市,,https://www.city.asaka.lg.jp/
志木市,,https://www.city.shiki.lg.jp/
和光市,,https://www.city.wako.lg.jp/
新座市,,http://www.city.niiza.lg.jp/
桶川市,,https://www.city.okegawa.lg.jp/
久喜市,,https://www.city.kuki.lg.jp/
北本市,,https://www.city.kitamoto.saitama.jp/
八潮市,,https://www.city.yashio.lg.jp/
富士見市,,https://www.city.fujimi.saitama.jp/
三郷市,,https://www.city.misato.lg.jp/
蓮田市,,https://www.city.hasuda.saitama.jp/
坂戸市,,http://www.city.sakado.lg.jp/
幸手市,,https://www.city.satte.lg.jp/
鶴ヶ島市,,https://www.city.tsurugashima.lg.jp/
日高市,,https://www.city.hidaka.lg.jp/
吉川市,,https://www.city.yoshikawa.saitama.jp/
ふじみ野市,,https://www.city.fujimino.saitama.jp/
白岡市,,https://www.city.shiraoka.lg.jp/
伊奈町,,https://www.town.saitama-ina.lg.jp/
三芳町,,https://www.town.saitama-miyoshi.lg.jp/
毛呂山町,,http://www.town.moroyama.saitama.jp/www/index.html
越生町,,https://www.town.ogose.saitama.jp/
滑川町,,https://www.town.namegawa.lg.jp/
嵐山町,,https://www.town.ranzan.saitama.jp/
小川町,,https://www.town.ogawa.saitama.jp/
川島町,,https://www.town.kawajima.saitama.jp/
吉見町,,https://www.town.yoshimi.saitama.jp/
鳩山町,,https://www.town.hatoyama.saitama.jp/
ときがわ町,,https://www.town.tokigawa.lg.jp/forms/top/top.aspx
横瀬町,,http://www.town.yokoze.saitama.jp/
皆野町,,https://www.town.minano.saitama.jp/
長瀞町,,https://www.town.nagatoro.saitama.jp/
小鹿野町,,https://www.town.ogano.lg.jp/
東秩父村,,https://www.vill.higashichichibu.saitama.jp/
美里町,,https://www.town.saitama-misato.lg.jp/
神川町,,https://www.town.kamikawa.saitama.jp/
上里町,,https://www.town.kamisato.saitama.jp/
寄居町,,https://www.town.yorii.saitama.jp/
宮代町,,https://www.town.miyashiro.lg.jp/
杉戸町,,https://www.town.sugito.lg.jp/
松伏町,,http://www.town.matsubushi.lg.jp/
千葉市,,https://www.city.chiba.jp/
銚子市,,https://www.city.choshi.chiba.jp/
市川市,,https://www.city.ichikawa.lg.jp/
船橋市,,https://www.city.funabashi.lg.jp/
館山市,,https://www.city.tateyama.chiba.jp/
木更津市,,https://www.city.kisarazu.lg.jp/
松戸市,,https://www.city.matsudo.chiba.jp/
野田市,,https://www.city.noda.chiba.jp/
茂原市,,https://www.city.mobara.chiba.jp/
成田市,,https://www.city.narita.chiba.jp/
佐倉市,,https://www.city.sakura.lg.jp/
東金市,,https://www.city.togane.chiba.jp/
旭市,,https://www.city.asahi.lg.jp/
習志野市,,https://www.city.narashino.lg.jp/
柏市,,https://www.city.kashiwa.lg.jp/
勝浦市,,https://www.city.katsuura.lg.jp/forms/top/top.aspx
市原市,,https://www.city.ichihara.chiba.jp/
流山市,,https://www.city.nagareyama.chiba.jp/
八千代市,,https://www.city.yachiyo.chiba.jp/
我孫子市,,https://www.city.abiko.chiba.jp/
鴨川市,,https://www.city.kamogawa.lg.jp/
鎌ケ谷市,,https://www.city.kamagaya.chiba.jp/
君津市,,https://www.city.kimitsu.lg.jp/
富津市,,https://www.city.futtsu.lg.jp/
浦安市,,https://www.city.urayasu.lg.jp/
四街道市,,https://www.city.yotsukaido.chiba.jp/
袖ケ浦市,,https://www.city.sodegaura.lg.jp/
八街市,,https://www.city.yachimata.lg.jp/
印西市,,https://www.city.inzai.lg.jp/
白井市,,https://www.city.shiroi.chiba.jp/
富里市,,https://www.city.tomisato.lg.jp/
南房総市,,https://www.city.minamiboso.chiba.jp/
匝瑳市,,https://www.city.sosa.lg.jp/
香取市,,https://www.city.katori.lg.jp/
山武市,,https://www.city.sammu.lg.jp/
いすみ市,,https://www.city.isumi.lg.jp/
大網白里市,,https://www.city.oamishirasato.lg.jp/
酒々井町,,https://www.town.shisui.chiba.jp/
栄町,,http://www.town.sakae.chiba.jp/
神崎町,,https://www.town.kozaki.chiba.jp/
多古町,,https://www.town.tako.chiba.jp/
東庄町,,https://www.town.tohnosho.chiba.jp/
九十九里町,,http://www.town.kujukuri.chiba.jp/
芝山町,,https://www.town.shibayama.lg.jp/
横芝光町,,https://www.town.yokoshibahikari.chiba.jp/
一宮町,,https://www.town.ichinomiya.chiba.jp/
睦沢町,,http://www.town.mutsuzawa.chiba.jp/
長生村,,https://www.vill.chosei.chiba.jp/
白子町,,https://www.town.shirako.lg.jp/
長柄町,,https://www.town.nagara.chiba.jp/
長南町,,https://www.town.chonan.chiba.jp/
大多喜町,,http://www.town.otaki.chiba.jp/
御宿町,,http://www.town.onjuku.chiba.jp/
鋸南町,,https://www.town.kyonan.chiba.jp/
千代田区,,https://www.city.chiyoda.lg.jp/
中央区,,https://www.city.chuo.lg.jp/
港区,,https://www.city.minato.tokyo.jp/
新宿区,,https://www.city.shinjuku.lg.jp/
文京区,,https://www.city.bunkyo.lg.jp/
台東区,,https://www.city.taito.lg.jp/
墨田区,,https://www.city.sumida.lg.jp/
江東区,,https://www.city.koto.lg.jp/
品川区,,https://www.city.shinagawa.tokyo.jp/
目黒区,,https://www.city.meguro.tokyo.jp/
大田区,,https://www.city.ota.tokyo.jp/
世田谷区,,https://www.city.setagaya.lg.jp/index.html
渋谷区,,https://www.city.shibuya.tokyo.jp/
中野区,,https://www.city.tokyo-nakano.lg.jp/
杉並区,,https://www.city.suginami.tokyo.jp/
豊島区,,https://www.city.toshima.lg.jp/
北区,,https://www.city.kita.tokyo.jp/
荒川区,,https://www.city.arakawa.tokyo.jp/
板橋区,,http://www.city.itabashi.tokyo.jp/
練馬区,,https://www.city.nerima.tokyo.jp/
足立区,,https://www.city.adachi.tokyo.jp/
葛飾区,,https://www.city.katsushika.lg.jp/
江戸川区,,https://www.city.edogawa.tokyo.jp/
八王子市,,https://www.city.hachioji.tokyo.jp/
立川市,,https://www.city.tachikawa.lg.jp/
武蔵野市,,https://www.city.musashino.lg.jp/
三鷹市,,https://www.city.mitaka.tokyo.jp/
青梅市,,https://www.city.ome.tokyo.jp/
府中市,,https://www.city.fuchu.tokyo.jp/
昭島市,,https://www.city.akishima.lg.jp/
調布市,,https://www.city.chofu.tokyo.jp/www/toppage/0000000000000/APM03000.html
町田市,,https://www.city.machida.tokyo.jp/
小金井市,,https://www.city.koganei.lg.jp/
小平市,,https://www.city.kodaira.tokyo.jp/
日野市,,https://www.city.hino.lg.jp/
東村山市,,https://www.city.higashimurayama.tokyo.jp/
国分寺市,,https://www.city.kokubunji.tokyo.jp/
国立市,,https://www.city.kunitachi.tokyo.jp/
福生市,,https://www.city.fussa.tokyo.jp/
狛江市,,https://www.city.komae.tokyo.jp/
東大和市,,https://www.city.higashiyamato.lg.jp/
清瀬市,,https://www.city.kiyose.lg.jp/
東久留米市,,https://www.city.higashikurume.lg.jp/
武蔵村山市,,https://www.city.musashimurayama.lg.jp/
多摩市,,https://www.city.tama.lg.jp/
稲城市,,https://www.city.inagi.tokyo.jp/
羽村市,,https://www.city.hamura.tokyo.jp/
あきる野市,,https://www.city.akiruno.tokyo.jp/
西東京市,,https://www.city.nishitokyo.lg.jp/
瑞穂町,,https://www.town.mizuho.tokyo.jp/
日の出町,,https://www.town.hinode.tokyo.jp/
檜原村,,https://www.vill.hinohara.tokyo.jp/
奥多摩町,,http://www.town.okutama.tokyo.jp/
大島町,,https://www.town.oshima.tokyo.jp/
利島村,,https://www.toshimamura.org/
新島村,,https://www.niijima.com/
神津島村,,http://vill.kouzushima.tokyo.jp/
三宅村,,https://www.squashysoftware.com/
御蔵島村,,https://www.mikurasima.jp/
八丈町,,https://www.town.hachijo.tokyo.jp/
青ヶ島村,,http://www.vill.aogashima.tokyo.jp/
小笠原村,,https://www.vill.ogasawara.tokyo.jp/
横浜市,,https://www.city.yokohama.lg.jp/
川崎市,,http://www.city.kawasaki.jp/
相模原市,,https://www.city.sagamihara.kanagawa.jp/
横須賀市,,https://www.city.yokosuka.kanagawa.jp/index.html
平塚市,,http://www.city.hiratsuka.kanagawa.jp/
鎌倉市,,https://www.city.kamakura.kanagawa.jp/
藤沢市,,https://www.city.fujisawa.kanagawa.jp/
小田原市,,https://www.city.odawara.kanagawa.jp/
茅ヶ崎市,,https://www.city.chigasaki.kanagawa.jp/
逗子市,,https://www.city.zushi.kanagawa.jp/
三浦市,,http://www.city.miura.kanagawa.jp/
秦野市,,https://www.city.hadano.kanagawa.jp/www/index.html
厚木市,,https://www.city.atsugi.kanagawa.jp/
大和市,,http://www.city.yamato.lg.jp/
伊勢原市,,https://www.city.isehara.kanagawa.jp/
海老名市,,https://www.city.ebina.kanagawa.jp/index.html
座間市,,https://www.city.zama.kanagawa.jp/www/toppage/0000000000000/APM03000.html
南足柄市,,https://www.city.minamiashigara.kanagawa.jp/
綾瀬市,,https://www.city.ayase.kanagawa.jp/
葉山町,,https://www.town.hayama.lg.jp/
寒川町,,https://www.town.samukawa.kanagawa.jp/
大磯町,,https://www.town.oiso.kanagawa.jp/
二宮町,,https://www.town.ninomiya.kanagawa.jp/
中井町,,https://www.town.nakai.kanagawa.jp/forms/top/top.aspx
大井町,,https://www.town.oi.kanagawa.jp/
松田町,,https://town.matsuda.kanagawa.jp/
山北町,,https://www.town.yamakita.kanagawa.jp/
開成町,,https://www.town.kaisei.kanagawa.jp/forms/top/top.aspx
箱根町,,https://www.town.hakone.kanagawa.jp/
真鶴町,,https://www.town-manazuru.jp/
湯河原町,,https://www.town.yugawara.kanagawa.jp/
愛川町,,https://www.town.aikawa.kanagawa.jp/
清川村,,https://www.town.kiyokawa.kanagawa.jp/
新潟市,,https://www.city.niigata.lg.jp/
長岡市,,https://www.city.nagaoka.niigata.jp/
三条市,,https://www.city.sanjo.niigata.jp/
柏崎市,,https://www.city.kashiwazaki.lg.jp/
新発田市,,http://www.city.shibata.lg.jp/
小千谷市,,https://www.city.ojiya.niigata.jp/
加茂市,,http://www.city.kamo.niigata.jp/
十日町市,,https://www.city.tokamachi.lg.jp/
見附市,,https://www.city.mitsuke.niigata.jp/
村上市,,https://www.city.murakami.lg.jp/
燕市,,http://www.city.tsubame.niigata.jp/
糸魚川市,,https://www.city.itoigawa.lg.jp/
妙高市,,https://www.city.myoko.niigata.jp/
五泉市,,https://www.city.gosen.lg.jp/
上越市,,https://www.city.joetsu.niigata.jp/
阿賀野市,,http://www.city.agano.niigata.jp/
佐渡市,,https://www.city.sado.niigata.jp/
魚沼市,,https://www.city.uonuma.niigata.jp/
南魚沼市,,https://www.city.minamiuonuma.niigata.jp/
胎内市,,http://www.city.tainai.niigata.jp/
聖籠町,,http://www.town.seiro.niigata.jp/
弥彦村,,http://www.vill.yahiko.niigata.jp/
田上町,,http://www.town.tagami.niigata.jp/
阿賀町,,http://www.town.aga.niigata.jp/
出雲崎町,,https://www.town.izumozaki.niigata.jp/
湯沢町,,https://www.town.yuzawa.lg.jp/
津南町,,https://www.town.tsunan.niigata.jp/
刈羽村,,https://www.vill.kariwa.niigata.jp/www/index.jsp
関川村,,http://www.vill.sekikawa.niigata.jp/
粟島浦村,,http://www.vill.awashimaura.lg.jp/
富山市,,https://www.city.toyama.toyama.jp/
高岡市,,https://www.city.takaoka.toyama.jp/
魚津市,,https://www.city.uozu.toyama.jp/
氷見市,,https://www.city.himi.toyama.jp/
滑川市,,https://www.city.namerikawa.toyama.jp/
黒部市,,https://kurobe.city.kurobe.toyama.jp/
砺波市,,https://www.city.tonami.toyama.jp/
小矢部市,,https://www.city.oyabe.toyama.jp/
南砺市,,https://www.city.nanto.toyama.jp/cms-sypher/www/index.jsp
射水市,,https://www.city.imizu.toyama.jp/
舟橋村,,http://www.vill.funahashi.toyama.jp/
上市町,,https://www.town.kamiichi.toyama.jp/
立山町,,https://www.town.tateyama.toyama.jp/pub/
入善町,,https://www.town.nyuzen.toyama.jp/
朝日町,,https://www.town.asahi.toyama.jp/
金沢市,,https://www4.city.kanazawa.lg.jp/index.html
七尾市,,https://www.city.nanao.lg.jp/
小松市,,https://www.city.komatsu.lg.jp/
輪島市,,https://www.city.wajima.ishikawa.jp/
珠洲市,,https://www.city.suzu.ishikawa.jp/
加賀市,,https://www.city.kaga.ishikawa.jp/
羽咋市,,https://www.city.hakui.lg.jp/
かほく市,,http://www.city.kahoku.ishikawa.jp/
白山市,,http://www.city.hakusan.ishikawa.jp/
能美市,,https://www.city.nomi.ishikawa.jp/
野々市市,,https://www.city.nonoichi.lg.jp/
川北町,,http://www.town.kawakita.ishikawa.jp/
津幡町,,https://www.town.tsubata.ishikawa.jp/
内灘町,,https://www.town.uchinada.lg.jp/webapps/www/index.jsp
志賀町,,https://www.town.shika.lg.jp/
宝達志水町,,http://www.hodatsushimizu.jp/
中能登町,,https://www.town.nakanoto.ishikawa.jp/
穴水町,,http://www.town.anamizu.ishikawa.jp/
能登町,,https://www.town.noto.lg.jp/www/total_top.jsp
福井市,,https://www.city.fukui.lg.jp/
敦賀市,,https://www.city.tsuruga.lg.jp/
小浜市,,https://www1.city.obama.fukui.jp/
大野市,,https://www.city.ono.fukui.jp/
勝山市,,https://www.city.katsuyama.fukui.jp/
鯖江市,,https://www.city.sabae.fukui.jp/
あわら市,,http://www.city.awara.lg.jp/
越前市,,https://www.city.echizen.lg.jp/
坂井市,,https://www.city.fukui-sakai.lg.jp/
永平寺町,,https://www.town.eiheiji.lg.jp/
池田町,,https://www.town.ikeda.fukui.jp/
南越前町,,https://www.town.minamiechizen.lg.jp/
越前町,,https://www.town.echizen.fukui.jp/index.html
美浜町,,https://www.town.mihama.fukui.jp/www/normal_top.jsp
高浜町,,https://www.town.takahama.fukui.jp/
おおい町,,https://www.town.ohi.fukui.jp/index.html
若狭町,,https://www.town.fukui-wakasa.lg.jp/
甲府市,,https://www.city.kofu.yamanashi.jp/
富士吉田市,,http://www.city.fujiyoshida.yamanashi.jp/forms/top/top.aspx
都留市,,http://www.city.tsuru.yamanashi.jp/forms/top/top.aspx
山梨市,,https://www.city.yamanashi.yamanashi.jp/
大月市,,http://www.city.otsuki.yamanashi.jp/
韮崎市,,https://www.city.nirasaki.lg.jp/
南アルプス市,,https://www.city.minami-alps.yamanashi.jp/
北杜市,,https://www.city.hokuto.yamanashi.jp/
甲斐市,,https://www.city.kai.yamanashi.jp/
笛吹市,,https://www.city.fuefuki.yamanashi.jp/
上野原市,,https://www.city.uenohara.yamanashi.jp/
甲州市,,https://www.city.koshu.yamanashi.jp/
中央市,,https://www.city.chuo.yamanashi.jp/
市川三郷町,,http://www.town.ichikawamisato.yamanashi.jp/
早川町,,http://www.town.hayakawa.yamanashi.jp/
身延町,,https://www.town.minobu.lg.jp/
南部町,,https://www.town.nanbu.yamanashi.jp/
富士川町,,https://www.town.fujikawa.yamanashi.jp/
昭和町,,https://www.town.showa.yamanashi.jp/
道志村,,http://www.vill.doshi.lg.jp/
西桂町,,https://www.town.nishikatsura.yamanashi.jp/forms/top/top.aspx
忍野村,,https://www.vill.oshino.lg.jp/
山中湖村,,https://www.vill.yamanakako.lg.jp/
鳴沢村,,https://www.vill.narusawa.yamanashi.jp/forms/top/top.aspx
富士河口湖町,,https://www.town.fujikawaguchiko.lg.jp/
小菅村,,http://www.vill.kosuge.yamanashi.jp/
丹波山村,,https://www.vill.tabayama.yamanashi.jp/
長野市,,https://www.city.nagano.nagano.jp/
松本市,,https://www.city.matsumoto.nagano.jp/
上田市,,https://www.city.ueda.nagano.jp/
岡谷市,,https://www.city.okaya.lg.jp/
飯田市,,https://www.city.iida.lg.jp/
諏訪市,,https://www.city.suwa.lg.jp/www/index.jsp
須坂市,,https://www.city.suzaka.nagano.jp/
小諸市,,https://www.city.komoro.lg.jp/
伊那市,,https://www.inacity.jp/
駒ヶ根市,,https://www.city.komagane.nagano.jp/
中野市,,https://www.city.nakano.nagano.jp/
大町市,,https://www.city.omachi.nagano.jp/
飯山市,,https://www.city.iiyama.nagano.jp/
茅野市,,http://www.city.chino.lg.jp/www/index.html
塩尻市,,https://www.city.shiojiri.lg.jp/
佐久市,,https://www.city.saku.nagano.jp/
千曲市,,https://www.city.chikuma.lg.jp/
東御市,,https://www.city.tomi.nagano.jp/
安曇野市,,https://www.city.azumino.nagano.jp/
小海町,,https://www.koumi-town.jp/
川上村,,http://www.vill.kawakami.nagano.jp/www/index.html
南牧村,,http://www.minamimakimura.jp/
南相木村,,http://www.minamiaiki.jp/
北相木村,,http://vill.kitaaiki.nagano.jp/
佐久穂町,,https://www.town.sakuho.nagano.jp/
軽井沢町,,https://www.town.karuizawa.lg.jp/www/toppage/0000000000000/APM03000.html
御代田町,,https://www.town.miyota.nagano.jp/
立科町,,https://www.town.tateshina.nagano.jp/
青木村,,http://www.vill.aoki.nagano.jp/
長和町,,https://town.nagawa.nagano.jp/
下諏訪町,,http://www.town.shimosuwa.lg.jp/www/index.html
富士見町,,https://www.town.fujimi.lg.jp/
原村,,https://www.vill.hara.lg.jp/
辰野町,,https://www.town.tatsuno.nagano.jp/
箕輪町,,https://www.town.minowa.lg.jp/
飯島町,,http://www.town.iijima.lg.jp/
南箕輪村,,https://www.vill.minamiminowa.lg.jp/
中川村,,https://www.vill.nakagawa.nagano.jp/
宮田村,,https://www.vill.miyada.nagano.jp/?
松川町,,https://www.matsukawa-town.jp/cms-sypher/www/normal_top.jsp
高森町,,https://www.town.nagano-takamori.lg.jp/
阿南町,,http://www.town.anan.nagano.jp/
阿智村,,https://www.vill.achi.lg.jp/
平谷村,,http://hirayamura.jp/
根羽村,,http://nebamura.jp/
下條村,,https://www.vill-shimojo.jp/
売木村,,http://www.urugi.jp/
天龍村,,http://www.vill-tenryu.jp/
泰阜村,,http://vill.yasuoka.nagano.jp/
喬木村,,http://www.vill.takagi.nagano.jp/
豊丘村,,https://www.vill.nagano-toyooka.lg.jp/
大鹿村,,http://www.vill.ooshika.nagano.jp/
上松町,,http://www.town.agematsu.nagano.jp/
南木曽町,,http://www.town.nagiso.nagano.jp/
木祖村,,http://www.vill.kiso.nagano.jp/
王滝村,,http://www.vill.otaki.nagano.jp/
大桑村,,http://www.vill.ookuwa.nagano.jp/
木曽町,,https://www.town-kiso.com/
麻績村,,http://www.vill.omi.nagano.jp/
生坂村,,http://www.village.ikusaka.nagano.jp/
山形村,,http://www.vill.yamagata.nagano.jp/forms/top/top.aspx
朝日村,,https://www.vill.asahi.nagano.jp/
筑北村,,http://www.vill.chikuhoku.lg.jp/
池田町,,https://www.ikedamachi.net/
松川村,,http://www.vill.matsukawa.nagano.jp/
白馬村,,https://www.vill.hakuba.nagano.jp/
小谷村,,http://www.vill.otari.nagano.jp/www/menu.html
坂城町,,http://www.town.sakaki.nagano.jp/www/index.html
小布施町,,https://www.town.obuse.nagano.jp/
高山村,,https://www.vill.takayama.nagano.jp/
山ノ内町,,http://www.town.yamanouchi.nagano.jp/
木島平村,,http://www.vill.kijimadaira.lg.jp/
野沢温泉村,,http://www.vill.nozawaonsen.nagano.jp/
信濃町,,https://www.town.shinano.lg.jp/
小川村,,http://www.vill.ogawa.nagano.jp/
飯綱町,,https://www.town.iizuna.nagano.jp/
栄村,,http://www.vill.sakae.nagano.jp/
岐阜市,,https://www.city.gifu.lg.jp/
大垣市,,https://www.city.ogaki.lg.jp/
高山市,,https://www.city.takayama.lg.jp/
多治見市,,https://www.city.tajimi.lg.jp/
関市,,http://www.city.seki.lg.jp/
中津川市,,http://www.city.nakatsugawa.gifu.jp/
美濃市,,http://www.city.mino.gifu.jp/
瑞浪市,,https://www.city.mizunami.lg.jp/
羽島市,,https://www.city.hashima.lg.jp/
恵那市,,https://www.city.ena.lg.jp/
美濃加茂市,,http://www.city.minokamo.gifu.jp/shimin/
土岐市,,https://www.city.toki.lg.jp/
各務原市,,http://www.city.kakamigahara.lg.jp/
可児市,,https://www.city.kani.lg.jp/
山県市,,https://www.city.yamagata.gifu.jp/
瑞穂市,,https://www.city.mizuho.lg.jp/
飛騨市,,http://www.city.hida.gifu.jp/
本巣市,,http://www.city.motosu.lg.jp/
郡上市,,https://www.city.gujo.gifu.jp/
下呂市,,https://www.city.gero.lg.jp/
海津市,,https://www.city.kaizu.lg.jp/
岐南町,,https://www.town.ginan.lg.jp/
笠松町,,http://www.town.kasamatsu.gifu.jp/
養老町,,http://www.town.yoro.gifu.jp/
垂井町,,http://www.town.tarui.lg.jp/
関ケ原町,,http://www.town.sekigahara.gifu.jp/
神戸町,,http://www.town.godo.gifu.jp/
輪之内町,,http://town.wanouchi.gifu.jp/
安八町,,http://www.town.anpachi.gifu.jp/
揖斐川町,,http://www.town.ibigawa.lg.jp/
大野町,,http://www.town-ono.jp/
池田町,,http://www.town.ikeda.gifu.jp/
北方町,,http://www.town.kitagata.gifu.jp/
坂祝町,,https://www.town.sakahogi.gifu.jp/
富加町,,https://www.town.tomika.gifu.jp/
川辺町,,http://www.kawabe-gifu.jp/
七宗町,,http://www.hichiso.jp/
八百津町,,https://www.town.yaotsu.lg.jp/
白川町,,https://www.town.shirakawa.lg.jp/
東白川村,,https://www.vill.higashishirakawa.gifu.jp/
御嵩町,,https://www.town.mitake.lg.jp/
白川村,,http://shirakawa-go.org/
静岡市,,http://www.city.shizuoka.jp/
浜松市,,https://www.city.hamamatsu.shizuoka.jp/
沼津市,,https://www.city.numazu.shizuoka.jp/
熱海市,,https://www.city.atami.lg.jp/
三島市,,https://www.city.mishima.shizuoka.jp/
富士宮市,,http://www.city.fujinomiya.lg.jp/
伊東市,,https://www.city.ito.shizuoka.jp/
島田市,,https://www.city.shimada.shizuoka.jp/
富士市,,https://www.city.fuji.shizuoka.jp/
磐田市,,https://www.city.iwata.shizuoka.jp/
焼津市,,https://www.city.yaizu.lg.jp/
掛川市,,https://www.city.kakegawa.shizuoka.jp/
藤枝市,,https://www.city.fujieda.shizuoka.jp/
御殿場市,,http://www.city.gotemba.shizuoka.jp/
袋井市,,https://www.city.fukuroi.shizuoka.jp/
下田市,,https://www.city.shimoda.shizuoka.jp/
裾野市,,https://www.city.susono.shizuoka.jp/
湖西市,,https://www.city.kosai.shizuoka.jp/
伊豆市,,http://www.city.izu.shizuoka.jp/
御前崎市,,https://www.city.omaezaki.shizuoka.jp/
菊川市,,https://www.city.kikugawa.shizuoka.jp/
伊豆の国市,,https://www.city.izunokuni.shizuoka.jp/
牧之原市,,https://www.city.makinohara.shizuoka.jp/
東伊豆町,,https://www.town.higashiizu.shizuoka.jp/
河津町,,http://www.town.kawazu.shizuoka.jp/
南伊豆町,,https://www.town.minamiizu.shizuoka.jp/
松崎町,,https://www.town.matsuzaki.shizuoka.jp/
西伊豆町,,https://www.town.nishiizu.shizuoka.jp/
函南町,,https://www.town.kannami.shizuoka.jp/
清水町,,http://www.town.shimizu.shizuoka.jp/
長泉町,,http://www.town.nagaizumi.lg.jp/
小山町,,https://www.fuji-oyama.jp/index.html
吉田町,,https://www.town.yoshida.shizuoka.jp/
川根本町,,https://www.town.kawanehon.shizuoka.jp/
森町,,https://www.town.morimachi.shizuoka.jp/
名古屋市,,http://www.city.nagoya.jp/
豊橋市,,https://www.city.toyohashi.lg.jp/
岡崎市,,https://www.city.okazaki.lg.jp/index.html
一宮市,,https://www.city.ichinomiya.aichi.jp/
瀬戸市,,https://www.city.seto.aichi.jp/
半田市,,https://www.city.handa.lg.jp/
春日井市,,https://www.city.kasugai.lg.jp/
豊川市,,https://www.city.toyokawa.lg.jp/
津島市,,https://www.city.tsushima.lg.jp/
碧南市,,http://www.city.hekinan.aichi.jp/
刈谷市,,https://www.city.kariya.lg.jp/
豊田市,,https://www.city.toyota.aichi.jp/
安城市,,https://www.city.anjo.aichi.jp/
西尾市,,https://www.city.nishio.aichi.jp/
蒲郡市,,https://www.city.gamagori.lg.jp/
犬山市,,https://www.city.inuyama.aichi.jp/
常滑市,,https://www.city.tokoname.aichi.jp/
江南市,,https://www.city.konan.lg.jp/
小牧市,,https://www.city.komaki.aichi.jp/
稲沢市,,https://www.city.inazawa.aichi.jp/
新城市,,https://www.city.shinshiro.lg.jp/
東海市,,https://www.city.tokai.aichi.jp/
大府市,,https://www.city.obu.aichi.jp/
知多市,,https://www.city.chita.lg.jp/
知立市,,https://www.city.chiryu.aichi.jp/
尾張旭市,,https://www.city.owariasahi.lg.jp/
高浜市,,https://www.city.takahama.lg.jp/
岩倉市,,https://www.city.iwakura.aichi.jp/
豊明市,,https://www.city.toyoake.lg.jp/
日進市,,https://www.city.nisshin.lg.jp/
田原市,,https://www.city.tahara.aichi.jp/
愛西市,,https://www.city.aisai.lg.jp/
清須市,,https://www.city.kiyosu.aichi.jp/
北名古屋市,,https://www.city.kitanagoya.lg.jp/
弥富市,,https://www.city.yatomi.lg.jp/
みよし市,,https://www.city.aichi-miyoshi.lg.jp/
あま市,,https://www.city.ama.aichi.jp/
長久手市,,https://www.city.nagakute.lg.jp/index.html
東郷町,,https://www.town.aichi-togo.lg.jp/
豊山町,,https://www.town.toyoyama.lg.jp/
大口町,,https://www.town.oguchi.aichi.jp/
扶桑町,,https://www.town.fuso.lg.jp/
大治町,,https://www.town.oharu.aichi.jp/
蟹江町,,http://www.town.kanie.aichi.jp/
飛島村,,https://www.vill.tobishima.aichi.jp/
阿久比町,,https://www.town.agui.lg.jp/
東浦町,,https://www.town.aichi-higashiura.lg.jp/
南知多町,,https://www.town.minamichita.lg.jp/
美浜町,,http://www.town.aichi-mihama.lg.jp/
武豊町,,https://www.town.taketoyo.lg.jp/
幸田町,,https://www.town.kota.lg.jp/
設楽町,,http://www.town.shitara.lg.jp/
東栄町,,https://www.town.toei.aichi.jp/
豊根村,,http://www.vill.toyone.aichi.jp/
津市,,https://www.info.city.tsu.mie.jp/
四日市市,,https://www.city.yokkaichi.mie.jp/
伊勢市,,https://www.city.ise.mie.jp/
松阪市,,https://www.city.matsusaka.mie.jp/
桑名市,,https://www.city.kuwana.lg.jp/
鈴鹿市,,http://www.city.suzuka.lg.jp/
名張市,,https://www.city.nabari.lg.jp/
尾鷲市,,https://www.city.owase.lg.jp/public/sougou_top/index_sou.html
亀山市,,https://www.city.kameyama.mie.jp/
鳥羽市,,https://www.city.toba.mie.jp/
熊野市,,http://www.city.kumano.mie.jp/
いなべ市,,https://www.city.inabe.mie.jp/
志摩市,,https://www.city.shima.mie.jp/
伊賀市,,https://www.city.iga.lg.jp/
木曽岬町,,https://www.town.kisosaki.lg.jp/
東員町,,https://www.town.toin.lg.jp/
菰野町,,http://www2.town.komono.mie.jp/www/index.html
朝日町,,https://www.town.asahi.mie.jp/
川越町,,https://www.town.kawagoe.mie.jp/
多気町,,https://www.town.taki.mie.jp/
明和町,,https://www.town.meiwa.mie.jp/
大台町,,https://www.odaitown.jp/
玉城町,,https://kizuna.town.tamaki.mie.jp/
度会町,,https://www.town.watarai.lg.jp/
大紀町,,http://www.town.taiki.mie.jp/
南伊勢町,,https://www.town.minamiise.lg.jp/
紀北町,,http://www.town.mie-kihoku.lg.jp/
御浜町,,https://www.town.mihama.mie.jp/
紀宝町,,https://www.town.kiho.lg.jp/
大津市,,https://www.city.otsu.lg.jp/
彦根市,,https://www.city.hikone.shiga.jp/
長浜市,,https://www.city.nagahama.lg.jp/
近江八幡市,,https://www.city.omihachiman.shiga.jp/
草津市,,https://www.city.kusatsu.shiga.jp/
守山市,,https://www.city.moriyama.lg.jp/
栗東市,,https://www.city.ritto.lg.jp/
甲賀市,,https://www.city.koka.lg.jp/
野洲市,,https://www.city.yasu.lg.jp/
湖南市,,https://www.city.konan.shiga.jp/
高島市,,http://www.city.takashima.lg.jp/www/toppage/0000000000000/APM03000.html
東近江市,,https://www.city.higashiomi.shiga.jp/
米原市,,https://www.city.maibara.lg.jp/
日野町,,http://www.town.shiga-hino.lg.jp/
竜王町,,http://www.town.ryuoh.shiga.jp/
愛荘町,,https://www.town.aisho.shiga.jp/
豊郷町,,https://www.town.toyosato.shiga.jp/
甲良町,,https://www.kouratown.jp/
多賀町,,https://www.town.taga.lg.jp/
京都市,,https://www.city.kyoto.lg.jp/
福知山市,,https://www.city.fukuchiyama.kyoto.jp/
舞鶴市,,https://www.city.maizuru.kyoto.jp/
綾部市,,https://www.city.ayabe.lg.jp/
宇治市,,https://www.city.uji.kyoto.jp/
宮津市,,http://www.city.miyazu.kyoto.jp/www/normal_top.jsp
亀岡市,,https://www.city.kameoka.kyoto.jp/
城陽市,,https://www.city.joyo.kyoto.jp/
向日市,,https://www.city.muko.kyoto.jp/
長岡京市,,https://www.city.nagaokakyo.lg.jp/
八幡市,,https://www.city.yawata.kyoto.jp/
京田辺市,,https://www.kyotanabe.jp/
京丹後市,,https://www.city.kyotango.lg.jp/
南丹市,,https://www.city.nantan.kyoto.jp/www/
木津川市,,https://www.city.kizugawa.lg.jp/
大山崎町,,https://www.town.oyamazaki.kyoto.jp/
久御山町,,https://www.town.kumiyama.lg.jp/
井手町,,https://www.town.ide.kyoto.jp/
宇治田原町,,https://www.town.ujitawara.kyoto.jp/
笠置町,,https://www.town.kasagi.lg.jp/
和束町,,https://www.town.wazuka.kyoto.jp/
精華町,,https://www.town.seika.kyoto.jp/
南山城村,,http://www.vill.minamiyamashiro.lg.jp/
京丹波町,,https://www.town.kyotamba.kyoto.jp/
伊根町,,https://www.town.ine.kyoto.jp/
与謝野町,,https://www.town-yosano.jp/wwwg/index.jsp
大阪市,,https://www.city.osaka.lg.jp/
堺市,,https://www.city.sakai.lg.jp/
岸和田市,,https://www.city.kishiwada.osaka.jp/
豊中市,,https://www.city.toyonaka.osaka.jp/
池田市,,https://www.city.ikeda.osaka.jp/
吹田市,,https://www.city.suita.osaka.jp/
泉大津市,,https://www.city.izumiotsu.lg.jp/
高槻市,,http://www.city.takatsuki.osaka.jp/
貝塚市,,https://www.city.kaizuka.lg.jp/
守口市,,https://www.city.moriguchi.osaka.jp/
枚方市,,https://www.city.hirakata.osaka.jp/
茨木市,,https://www.city.ibaraki.osaka.jp/
八尾市,,https://www.city.yao.osaka.jp/
泉佐野市,,https://www.city.izumisano.lg.jp/
富田林市,,https://www.city.tondabayashi.lg.jp/
寝屋川市,,https://www.city.neyagawa.osaka.jp/
河内長野市,,https://www.city.kawachinagano.lg.jp/
松原市,,https://www.city.matsubara.lg.jp/
大東市,,http://www.city.daito.lg.jp/
和泉市,,http://www.city.osaka-izumi.lg.jp/
箕面市,,https://www.city.minoh.lg.jp/
柏原市,,http://www.city.kashiwara.osaka.jp/
羽曳野市,,https://www.city.habikino.lg.jp/
門真市,,https://www.city.kadoma.osaka.jp/
摂津市,,https://www.city.settsu.osaka.jp/
高石市,,http://www.city.takaishi.lg.jp/
藤井寺市,,https://www.city.fujiidera.lg.jp/
東大阪市,,https://www.city.higashiosaka.lg.jp/
泉南市,,https://www.city.sennan.lg.jp/
四條畷市,,https://www.city.shijonawate.lg.jp/
交野市,,https://www.city.katano.osaka.jp/
大阪狭山市,,https://www.city.osakasayama.osaka.jp/
阪南市,,https://www.city.hannan.lg.jp/
島本町,,https://www.shimamotocho.jp/
豊能町,,http://www.town.toyono.osaka.jp/
能勢町,,https://www.town.nose.osaka.jp/
忠岡町,,https://www.town.tadaoka.osaka.jp/
熊取町,,https://www.town.kumatori.lg.jp/
田尻町,,https://www.town.tajiri.osaka.jp/
岬町,,https://www.town.misaki.osaka.jp/
太子町,,https://www.town.taishi.osaka.jp/
河南町,,https://www.town.kanan.osaka.jp/
千早赤阪村,,https://www.vill.chihayaakasaka.osaka.jp/
神戸市,,https://www.city.kobe.lg.jp/
姫路市,,https://www.city.himeji.lg.jp/
尼崎市,,https://www.city.amagasaki.hyogo.jp/
明石市,,https://www.city.akashi.lg.jp/
西宮市,,https://www.nishi.or.jp/
洲本市,,https://www.city.sumoto.lg.jp/
芦屋市,,https://www.city.ashiya.lg.jp/
伊丹市,,https://www.city.itami.lg.jp/
相生市,,https://www.city.aioi.lg.jp/
豊岡市,,http://www.city.toyooka.lg.jp/www/toppage/0000000000000/APM03000.html
加古川市,,https://www.city.kakogawa.lg.jp/
赤穂市,,https://www.city.ako.lg.jp/
西脇市,,https://www.city.nishiwaki.lg.jp/
宝塚市,,https://www.city.takarazuka.hyogo.jp/
三木市,,https://www.city.miki.lg.jp/
高砂市,,http://www.city.takasago.hyogo.jp/
川西市,,https://www.city.kawanishi.hyogo.jp/
小野市,,https://www.city.ono.hyogo.jp/
三田市,,https://www.city.sanda.lg.jp/
加西市,,http://www.city.kasai.hyogo.jp/
丹波篠山市,,
養父市,,https://www.city.yabu.hyogo.jp/
丹波市,,https://www.city.tamba.lg.jp/
南あわじ市,,https://www.city.minamiawaji.hyogo.jp/
朝来市,,https://www.city.asago.hyogo.jp/
淡路市,,https://www.city.awaji.lg.jp/
宍粟市,,https://www.city.shiso.lg.jp/
加東市,,https://www.city.kato.lg.jp/
たつの市,,http://www.city.tatsuno.lg.jp/
猪名川町,,https://www.town.inagawa.lg.jp/renewal/
多可町,,https://www.takacho.jp/
稲美町,,https://www.town.hyogo-inami.lg.jp/
播磨町,,https://www.town.harima.lg.jp/
市川町,,https://www.town.ichikawa.lg.jp/forms/top/top.aspx
福崎町,,https://www.town.fukusaki.hyogo.jp/
神河町,,https://www.town.kamikawa.hyogo.jp/index.html
太子町,,https://www.town.hyogo-taishi.lg.jp/
上郡町,,http://www.town.kamigori.hyogo.jp/cms-sypher/www/index.jsp
佐用町,,https://www.town.sayo.lg.jp/cms-sypher/www/normal_top.jsp
香美町,,https://www.town.mikata-kami.lg.jp/www/toppage/0000000000000/APM03000.html
新温泉町,,https://www.town.shinonsen.hyogo.jp/
奈良市,,http://www.city.nara.lg.jp/www/toppage/0000000000000/APM03000.html
大和高田市,,https://www.city.yamatotakada.nara.jp/
大和郡山市,,https://www.city.yamatokoriyama.nara.jp/
天理市,,https://www.city.tenri.nara.jp/
橿原市,,https://www.city.kashihara.nara.jp/
桜井市,,https://www.city.sakurai.lg.jp/
五條市,,http://www.city.gojo.lg.jp/www/toppage/0000000000000/APM03000.html
御所市,,https://www.city.gose.nara.jp/
生駒市,,https://www.city.ikoma.lg.jp/
香芝市,,https://www.city.kashiba.lg.jp/
葛城市,,https://www.city.katsuragi.nara.jp/
宇陀市,,https://www.city.uda.nara.jp/
山添村,,https://www.vill.yamazoe.nara.jp/
平群町,,http://www.town.heguri.nara.jp/
三郷町,,https://www.town.sango.nara.jp/
斑鳩町,,https://www.town.ikaruga.nara.jp/
安堵町,,https://www.town.ando.nara.jp/
川西町,,https://www.town.nara-kawanishi.lg.jp/
三宅町,,https://www.town.miyake.lg.jp/
田原本町,,https://www.town.tawaramoto.nara.jp/
曽爾村,,https://www.vill.soni.nara.jp/forms/top/top.aspx
御杖村,,https://www.vill.mitsue.nara.jp/
高取町,,https://www.town.takatori.nara.jp/
明日香村,,https://asukamura.jp/
上牧町,,https://www.town.kanmaki.nara.jp/
王寺町,,https://www.town.oji.nara.jp/
広陵町,,https://www.town.koryo.nara.jp/
河合町,,http://www.town.kawai.nara.jp/
吉野町,,https://www.town.yoshino.nara.jp/
大淀町,,https://www.town.oyodo.lg.jp/
下市町,,https://www.town.shimoichi.lg.jp/
黒滝村,,https://www.vill.kurotaki.nara.jp/
天川村,,http://www.vill.tenkawa.nara.jp/
野迫川村,,https://www.vill.nosegawa.nara.jp/
十津川村,,https://www.vill.totsukawa.lg.jp/
下北山村,,http://www.vill.shimokitayama.nara.jp/
上北山村,,http://vill.kamikitayama.nara.jp/
川上村,,http://www.vill.kawakami.nara.jp/
東吉野村,,http://www.vill.higashiyoshino.nara.jp/
和歌山市,,https://www.city.wakayama.wakayama.jp/
海南市,,https://www.city.kainan.wakayama.jp/
橋本市,,https://www.city.hashimoto.lg.jp/
有田市,,https://www.city.arida.lg.jp/
御坊市,,https://www.city.gobo.wakayama.jp/
田辺市,,https://www.city.tanabe.lg.jp/
新宮市,,https://www.city.shingu.lg.jp/forms/top/top.aspx
紀の川市,,http://www.city.kinokawa.lg.jp/
岩出市,,https://www.city.iwade.lg.jp/
紀美野町,,https://www.town.kimino.wakayama.jp/
かつらぎ町,,http://www.town.katsuragi.wakayama.jp/
九度山町,,https://www.town.kudoyama.wakayama.jp/
高野町,,https://www.town.koya.wakayama.jp/
湯浅町,,http://www.town.yuasa.wakayama.jp/
広川町,,https://www.town.hirogawa.wakayama.jp/
有田川町,,https://www.town.aridagawa.lg.jp/
美浜町,,http://www.town.mihama.wakayama.jp/
日高町,,http://www.town.wakayama-hidaka.lg.jp/
由良町,,http://www.town.yura.wakayama.jp/
印南町,,https://www.town.wakayama-inami.lg.jp/
みなべ町,,http://www.town.minabe.lg.jp/
日高川町,,http://www.town.hidakagawa.lg.jp/
白浜町,,https://www.town.shirahama.wakayama.jp/
上富田町,,https://www.town.kamitonda.lg.jp/
すさみ町,,http://www.town.susami.lg.jp/
那智勝浦町,,https://www.town.nachikatsuura.wakayama.jp/forms/top/top.aspx
太地町,,http://www.town.taiji.lg.jp/
古座川町,,http://www.town.kozagawa.wakayama.jp/
北山村,,https://www.vill.kitayama.wakayama.jp/
串本町,,https://www.town.kushimoto.wakayama.jp/
鳥取市,,https://www.city.tottori.lg.jp/www/toppage/0000000000000/APM03000.html
米子市,,https://www.city.yonago.lg.jp/
倉吉市,,https://www.city.kurayoshi.lg.jp/
境港市,,https://www.city.sakaiminato.lg.jp/
岩美町,,https://www.iwami.gr.jp/
若桜町,,http://www.town.wakasa.tottori.jp/
智頭町,,http://www1.town.chizu.tottori.jp/
八頭町,,http://www.town.yazu.tottori.jp/
三朝町,,http://www.town.misasa.tottori.jp/
湯梨浜町,,https://www.yurihama.jp/
琴浦町,,https://www.town.kotoura.tottori.jp/
北栄町,,https://www.e-hokuei.net/
日吉津村,,http://www.hiezu.jp/
大山町,,https://www.daisen.jp/
南部町,,https://www.town.nanbu.tottori.jp/
伯耆町,,https://www.houki-town.jp/
日南町,,http://www.town.nichinan.lg.jp/
日野町,,https://www.town.hino.tottori.jp/
江府町,,http://www.town-kofu.jp/
松江市,,https://www.city.matsue.shimane.jp/
浜田市,,http://www.city.hamada.shimane.jp/www/toppage/0000000000000/APM03000.html
出雲市,,http://www.city.izumo.shimane.jp/www/toppage/0000000000000/APM03000.html
益田市,,https://www.city.masuda.lg.jp/
大田市,,https://www.city.ohda.lg.jp/
安来市,,https://www.city.yasugi.shimane.jp/
江津市,,https://www.city.gotsu.lg.jp/
雲南市,,https://www.city.unnan.shimane.jp/unnan/
奥出雲町,,https://www.town.okuizumo.shimane.jp/
飯南町,,http://www.iinan.jp/
川本町,,http://www.town.shimane-kawamoto.lg.jp/
美郷町,,http://www.town.shimane-misato.lg.jp/
邑南町,,https://www.town.ohnan.lg.jp/www/index.html
津和野町,,http://www.town.tsuwano.lg.jp/
吉賀町,,https://www.town.yoshika.lg.jp/
海士町,,https://www.town.ama.shimane.jp/
西ノ島町,,http://www.town.nishinoshima.shimane.jp/
知夫村,,http://www.vill.chibu.lg.jp/
隠岐の島町,,https://www.town.okinoshima.shimane.jp/www/index.html
岡山市,,http://www.city.okayama.jp/
倉敷市,,https://www.city.kurashiki.okayama.jp/
津山市,,https://www.city.tsuyama.lg.jp/
玉野市,,https://www.city.tamano.lg.jp/
笠岡市,,https://www.city.kasaoka.okayama.jp/
井原市,,http://www.city.ibara.okayama.jp/
総社市,,https://www.city.soja.okayama.jp/
高梁市,,https://www.city.takahashi.lg.jp/
新見市,,https://www.city.niimi.okayama.jp/
備前市,,http://www.city.bizen.okayama.jp/
瀬戸内市,,https://www.city.setouchi.lg.jp/
赤磐市,,https://www.city.akaiwa.lg.jp/
真庭市,,http://www.city.maniwa.lg.jp/webapps/www/top.jsp
美作市,,http://www.city.mimasaka.lg.jp/
浅口市,,https://www.city.asakuchi.lg.jp/
和気町,,https://www.town.wake.lg.jp/
早島町,,http://www.town.hayashima.lg.jp/
里庄町,,https://www.town.satosho.okayama.jp/
矢掛町,,http://www.town.yakage.lg.jp/
新庄村,,http://www.vill.shinjo.okayama.jp/
鏡野町,,https://www.town.kagamino.lg.jp/
勝央町,,https://www.town.shoo.lg.jp/
奈義町,,http://www.town.nagi.okayama.jp/
西粟倉村,,http://www.vill.nishiawakura.okayama.jp/wp/
久米南町,,http://www.town.kumenan.okayama.jp/
美咲町,,https://www.town.misaki.okayama.jp/
吉備中央町,,https://www.town.kibichuo.lg.jp/
広島市,,http://www.city.hiroshima.lg.jp/
呉市,,https://www.city.kure.lg.jp/
竹原市,,https://www.city.takehara.lg.jp/
三原市,,https://www.city.mihara.hiroshima.jp/
尾道市,,http://www.city.onomichi.hiroshima.jp/
福山市,,https://www.city.fukuyama.hiroshima.jp/
府中市,,https://www.city.fuchu.hiroshima.jp/
三次市,,https://www.city.miyoshi.hiroshima.jp/index.html
庄原市,,https://www.city.shobara.hiroshima.jp/
大竹市,,https://www.city.otake.hiroshima.jp/
東広島市,,https://www.city.higashihiroshima.hiroshima.jp/
廿日市市,,https://www.city.hatsukaichi.hiroshima.jp/
安芸高田市,,https://www.akitakata.jp/ja/
江田島市,,https://www.city.etajima.hiroshima.jp/cms/
府中町,,https://www.town.fuchu.hiroshima.jp/
海田町,,https://www.town.kaita.lg.jp/
熊野町,,http://www.town.kumano.hiroshima.jp/
坂町,,http://www.town.saka.lg.jp/
安芸太田町,,http://www.akiota.jp/
北広島町,,https://www.town.kitahiroshima.lg.jp/
大崎上島町,,http://www.town.osakikamijima.hiroshima.jp/
世羅町,,http://www.town.sera.hiroshima.jp/
神石高原町,,http://www.jinsekigun.jp/
下関市,,http://www.city.shimonoseki.lg.jp/www/toppage/0000000000000/APM03000.html
宇部市,,https://www.city.ube.yamaguchi.jp/
山口市,,https://www.city.yamaguchi.lg.jp/
萩市,,https://www.city.hagi.lg.jp/
防府市,,https://www.city.hofu.yamaguchi.jp/
下松市,,https://www.city.kudamatsu.lg.jp/
岩国市,,https://www.city.iwakuni.lg.jp/
光市,,https://www.city.hikari.lg.jp/
長門市,,https://www.city.nagato.yamaguchi.jp/
柳井市,,https://www.city-yanai.jp/
美祢市,,http://www2.city.mine.lg.jp/www/toppage/0000000000000/APM03000.html
周南市,,https://www.city.shunan.lg.jp/
山陽小野田市,,https://www.city.sanyo-onoda.lg.jp/
周防大島町,,https://www.town.suo-oshima.lg.jp/
和木町,,http://www.town.waki.lg.jp/
上関町,,http://www.town.kaminoseki.lg.jp/
田布施町,,http://www.town.tabuse.lg.jp/www/index.html
平生町,,https://www.town.hirao.lg.jp/
阿武町,,http://www.town.abu.lg.jp/
徳島市,,https://www.city.tokushima.tokushima.jp/
鳴門市,,https://www.city.naruto.tokushima.jp/
小松島市,,https://www.city.komatsushima.tokushima.jp/
阿南市,,http://www.city.anan.tokushima.jp/
吉野川市,,http://www.city.yoshinogawa.lg.jp/
阿波市,,https://www.city.awa.lg.jp/
美馬市,,http://www.city.mima.lg.jp/
三好市,,https://www.city-miyoshi.jp/
勝浦町,,http://www.town.katsuura.lg.jp/
上勝町,,http://www.kamikatsu.jp/
佐那河内村,,http://www.vill.sanagochi.lg.jp/
石井町,,http://www.town.ishii.lg.jp/
神山町,,https://www.town.kamiyama.lg.jp/
那賀町,,http://www.town.tokushima-naka.lg.jp/
牟岐町,,https://www.town.tokushima-mugi.lg.jp/
美波町,,https://www.town.minami.tokushima.jp/
海陽町,,https://www.town.kaiyo.lg.jp/
松茂町,,https://www.town.matsushige.tokushima.jp/
北島町,,https://www.town.kitajima.lg.jp/
藍住町,,https://www.town.aizumi.lg.jp/
板野町,,http://www.town.itano.tokushima.jp/
上板町,,https://www.townkamiita.jp/
つるぎ町,,https://www.town.tokushima-tsurugi.lg.jp/
東みよし町,,https://www.town.higashimiyoshi.lg.jp/
高松市,,https://www.city.takamatsu.kagawa.jp/
丸亀市,,https://www.city.marugame.lg.jp/
坂出市,,https://www.city.sakaide.lg.jp/
善通寺市,,https://www.city.zentsuji.kagawa.jp/
観音寺市,,https://www.city.kanonji.kagawa.jp/
さぬき市,,https://www.city.sanuki.kagawa.jp/
東かがわ市,,https://www.higashikagawa.jp/
三豊市,,https://www.city.mitoyo.lg.jp/forms/top/top.aspx
土庄町,,http://www.town.tonosho.kagawa.jp/
小豆島町,,http://www.town.shodoshima.lg.jp/
三木町,,https://www.town.miki.lg.jp/
直島町,,http://www.town.naoshima.lg.jp/
宇多津町,,https://www.town.utazu.lg.jp/
綾川町,,https://www.town.ayagawa.lg.jp/
琴平町,,http://www.town.kotohira.kagawa.jp/
多度津町,,https://www.town.tadotsu.kagawa.jp/
まんのう町,,https://www.town.manno.lg.jp/
松山市,,https://www.city.matsuyama.ehime.jp/
今治市,,https://www.city.imabari.ehime.jp/
宇和島市,,https://www.city.uwajima.ehime.jp/
八幡浜市,,http://www.city.yawatahama.ehime.jp/
新居浜市,,https://www.city.niihama.lg.jp/
西条市,,https://www.city.saijo.ehime.jp/
大洲市,,https://www.city.ozu.ehime.jp/
伊予市,,https://www.city.iyo.lg.jp/
四国中央市,,https://www.city.shikokuchuo.ehime.jp/
西予市,,https://www.city.seiyo.ehime.jp/
東温市,,http://www.city.toon.ehime.jp/
上島町,,https://www.town.kamijima.lg.jp
久万高原町,,https://www.kumakogen.jp/
松前町,,https://www.town.masaki.ehime.jp/
砥部町,,https://www.town.tobe.ehime.jp/
内子町,,https://www.town.uchiko.ehime.jp/
伊方町,,https://www.town.ikata.ehime.jp/
松野町,,https://www.town.matsuno.ehime.jp/
鬼北町,,https://www.town.kihoku.ehime.jp/
愛南町,,https://www.town.ainan.ehime.jp/
高知市,,https://www.city.kochi.kochi.jp/
室戸市,,https://www.city.muroto.kochi.jp/
安芸市,,https://www.city.aki.kochi.jp/
南国市,,https://www.city.nankoku.lg.jp/
土佐市,,http://www.city.tosa.lg.jp/
須崎市,,https://www.city.susaki.lg.jp/
宿毛市,,http://www.city.sukumo.kochi.jp/
土佐清水市,,https://www.city.tosashimizu.kochi.jp/
四万十市,,http://www.city.shimanto.lg.jp/
香南市,,https://www.city.kochi-konan.lg.jp/
香美市,,https://www.city.kami.lg.jp/
東洋町,,https://www.town.toyo.kochi.jp/
奈半利町,,http://www.town.nahari.kochi.jp/
田野町,,https://www.chugei.or.jp/tano/
安田町,,https://www.town.yasuda.kochi.jp/
北川村,,http://www.kitagawamura.jp/
馬路村,,http://www.vill.umaji.kochi.jp/
芸西村,,https://www.vill.geisei.kochi.jp/
本山町,,https://www.town.motoyama.kochi.jp/
大豊町,,http://www.town.otoyo.kochi.jp/
土佐町,,https://www.town.tosa.kochi.jp/
大川村,,https://www.vill.okawa.kochi.jp/
いの町,,http://www.town.ino.kochi.jp/
仁淀川町,,https://www.town.niyodogawa.lg.jp/
中土佐町,,https://www.town.nakatosa.lg.jp/
佐川町,,http://www.town.sakawa.lg.jp/
越知町,,http://www.town.ochi.kochi.jp/
檮原町,,http://www.town.yusuhara.kochi.jp/
日高村,,https://www.vill.hidaka.kochi.jp/
津野町,,https://town.kochi-tsuno.lg.jp/
四万十町,,https://www.town.shimanto.lg.jp/
大月町,,https://www.town.otsuki.kochi.jp/
三原村,,http://www.vill.mihara.kochi.jp/
黒潮町,,https://www.town.kuroshio.lg.jp/
北九州市,,https://www.city.kitakyushu.lg.jp/
福岡市,,https://www.city.fukuoka.lg.jp/
大牟田市,,https://www.city.omuta.lg.jp/
久留米市,,https://www.city.kurume.fukuoka.jp/
直方市,,https://www.city.nogata.fukuoka.jp/
飯塚市,,https://www.city.iizuka.lg.jp/
田川市,,https://www.joho.tagawa.fukuoka.jp/
柳川市,,https://www.city.yanagawa.fukuoka.jp/
八女市,,https://www.city.yame.fukuoka.jp/
筑後市,,https://www.city.chikugo.lg.jp/
大川市,,https://www.city.okawa.fukuoka.jp/
行橋市,,http://www.city.yukuhashi.lg.jp/
豊前市,,https://www.city.buzen.lg.jp/
中間市,,https://www.city.nakama.lg.jp/
小郡市,,https://www.city.ogori.fukuoka.jp/
筑紫野市,,https://www.city.chikushino.fukuoka.jp/index.html
春日市,,https://www.city.kasuga.fukuoka.jp/
大野城市,,https://www.city.onojo.fukuoka.jp/
宗像市,,https://www.city.munakata.lg.jp/
太宰府市,,https://www.city.dazaifu.lg.jp/
古賀市,,https://www.city.koga.fukuoka.jp/
福津市,,https://city.fukutsu.lg.jp/
うきは市,,https://www.city.ukiha.fukuoka.jp/
宮若市,,https://www.city.miyawaka.lg.jp/
嘉麻市,,http://www.city.kama.lg.jp/
朝倉市,,https://www.city.asakura.lg.jp/www/toppage/0000000000000/APM03000.html
みやま市,,http://www.city.miyama.lg.jp/
糸島市,,https://www.city.itoshima.lg.jp/
那珂川市,,
宇美町,,https://www.town.umi.lg.jp/
篠栗町,,https://www.town.sasaguri.fukuoka.jp/
志免町,,https://www.town.shime.lg.jp/
須惠町,,
新宮町,,https://www.town.shingu.fukuoka.jp/
久山町,,https://www.town.hisayama.fukuoka.jp/fullflash/index.html
粕屋町,,https://www.town.kasuya.fukuoka.jp/
芦屋町,,https://www.town.ashiya.lg.jp/
水巻町,,https://www.town.mizumaki.lg.jp/
岡垣町,,https://www.town.okagaki.lg.jp/
遠賀町,,http://www.town.onga.lg.jp/
小竹町,,https://town.kotake.lg.jp/
鞍手町,,http://www.town.kurate.lg.jp/
桂川町,,http://www.town.keisen.fukuoka.jp/
筑前町,,https://www.town.chikuzen.fukuoka.jp/
東峰村,,http://www1.vill.toho.fukuoka.jp/
大刀洗町,,https://www.town.tachiarai.fukuoka.jp/opening/
大木町,,https://www.town.ooki.lg.jp/
広川町,,https://www.town.hirokawa.fukuoka.jp/
香春町,,https://www.town.kawara.fukuoka.jp/
添田町,,https://www.town.soeda.fukuoka.jp/
糸田町,,https://www.town.itoda.lg.jp/
川崎町,,https://www.town-kawasaki.com/
大任町,,http://www.town.oto.fukuoka.jp/
赤村,,https://www.akamura.net/
福智町,,https://www.town.fukuchi.lg.jp/
苅田町,,https://www.town.kanda.lg.jp/
みやこ町,,https://www.town.miyako.lg.jp/
吉富町,,https://www.town.yoshitomi.lg.jp/
上毛町,,https://www.town.koge.lg.jp/
築上町,,https://www.town.chikujo.fukuoka.jp/
佐賀市,,https://www.city.saga.lg.jp/
唐津市,,https://www.city.karatsu.lg.jp/
鳥栖市,,https://www.city.tosu.lg.jp/
多久市,,https://www.city.taku.lg.jp/
伊万里市,,https://www.city.imari.saga.jp/
武雄市,,https://www.city.takeo.lg.jp/
鹿島市,,https://www.city.saga-kashima.lg.jp/
小城市,,https://www.city.ogi.lg.jp/
嬉野市,,https://www.city.ureshino.lg.jp/
神埼市,,https://www.city.kanzaki.saga.jp/
吉野ヶ里町,,https://www.town.yoshinogari.saga.jp/
基山町,,https://www.town.kiyama.lg.jp/
上峰町,,https://www.town.kamimine.lg.jp/
みやき町,,https://www.town.miyaki.lg.jp/
玄海町,,https://www.town.genkai.saga.jp/
有田町,,https://www.town.arita.lg.jp/
大町町,,http://www.town.omachi.saga.jp/
江北町,,https://www.town.kouhoku.saga.jp/
白石町,,https://www.town.shiroishi.lg.jp/
太良町,,https://www.town.tara.lg.jp/
長崎市,,https://www.city.nagasaki.lg.jp/
佐世保市,,https://www.city.sasebo.lg.jp/
島原市,,https://www.city.shimabara.lg.jp/
諫早市,,https://www.city.isahaya.nagasaki.jp/
大村市,,https://www.city.omura.nagasaki.jp/
平戸市,,https://www.city.hirado.nagasaki.jp/
松浦市,,http://www.city-matsuura.jp/www/toppage/0000000000000/APM03000.html
対馬市,,https://www.city.tsushima.nagasaki.jp/
壱岐市,,https://www.city.iki.nagasaki.jp/
五島市,,https://www.city.goto.nagasaki.jp/
西海市,,https://www.city.saikai.nagasaki.jp/
雲仙市,,https://www.city.unzen.nagasaki.jp/
南島原市,,https://www.city.minamishimabara.lg.jp/
長与町,,https://webtown.nagayo.jp/
時津町,,https://www.town.togitsu.nagasaki.jp/
東彼杵町,,http://www.sonogi.jp/
川棚町,,http://www.kawatana.jp/
波佐見町,,https://www.town.hasami.nagasaki.jp/
小値賀町,,http://ojika.net/
佐々町,,https://www.sazacho-nagasaki.jp/
新上五島町,,https://official.shinkamigoto.net/
熊本市,,https://www.city.kumamoto.jp/
八代市,,https://www.city.yatsushiro.lg.jp/
人吉市,,https://www.city.hitoyoshi.lg.jp/
荒尾市,,https://www.city.arao.lg.jp/
水俣市,,http://www.city.minamata.lg.jp/
玉名市,,https://www.city.tamana.lg.jp/
山鹿市,,https://www.city.yamaga.kumamoto.jp/www/toppage/0000000000000/APM03000.html
菊池市,,https://www.city.kikuchi.lg.jp/
宇土市,,https://www.city.uto.kumamoto.jp/
上天草市,,https://www.city.kamiamakusa.kumamoto.jp/
宇城市,,https://www.city.uki.kumamoto.jp/
阿蘇市,,http://www.city.aso.kumamoto.jp/
天草市,,https://www.city.amakusa.kumamoto.jp/
合志市,,https://www.city.koshi.lg.jp/
美里町,,https://www.town.kumamoto-misato.lg.jp/
玉東町,,https://www.town.gyokuto.kumamoto.jp/
南関町,,https://www.town.nankan.lg.jp/
長洲町,,https://www.town.nagasu.lg.jp/index.html
和水町,,https://www.town.nagomi.lg.jp/
大津町,,https://www.town.ozu.kumamoto.jp/
菊陽町,,http://www.town.kikuyo.lg.jp/
南小国町,,http://www.town.minamioguni.kumamoto.jp/
小国町,,https://www.town.kumamoto-oguni.lg.jp/
産山村,,http://www.ubuyama-v.jp/
高森町,,https://www.town.takamori.kumamoto.jp/
西原村,,https://www.vill.nishihara.kumamoto.jp/
南阿蘇村,,https://www.vill.minamiaso.lg.jp/
御船町,,https://www.town.mifune.kumamoto.jp/
嘉島町,,https://www.town.kashima.kumamoto.jp/
益城町,,https://www.town.mashiki.lg.jp/
甲佐町,,https://www.town.kosa.kumamoto.jp/
山都町,,https://www.town.kumamoto-yamato.lg.jp/
氷川町,,https://www.hikawacyou.hinokuni-net.jp/
芦北町,,https://www.ashikita-t.kumamoto-sgn.jp/www/toppage/0000000000000/APM03000.html
津奈木町,,https://www.town.tsunagi.lg.jp/
錦町,,http://www.nishiki-machi.com/
多良木町,,https://www.town.taragi.lg.jp/
湯前町,,https://www.town.yunomae.lg.jp/
水上村,,https://www.vill.mizukami.lg.jp/
相良村,,https://www.vill.sagara.lg.jp/
五木村,,https://www.vill.itsuki.lg.jp/
山江村,,https://www.vill.yamae.lg.jp/
球磨村,,https://www.kumamura.com/
あさぎり町,,https://www.town.asagiri.lg.jp/
苓北町,,https://reihoku-kumamoto.jp/
大分市,,https://www.city.oita.oita.jp/
別府市,,https://www.city.beppu.oita.jp/
中津市,,https://www.city-nakatsu.jp/
日田市,,https://www.city.hita.oita.jp/
佐伯市,,https://www.city.saiki.oita.jp/
臼杵市,,https://www.city.usuki.oita.jp/
津久見市,,https://www.city.tsukumi.oita.jp/
竹田市,,https://www.city.taketa.oita.jp/
豊後高田市,,https://www.city.bungotakada.oita.jp/
杵築市,,https://www.city.kitsuki.lg.jp/
宇佐市,,https://www.city.usa.oita.jp/
豊後大野市,,https://www.bungo-ohno.jp/
由布市,,https://www.city.yufu.oita.jp/
国東市,,https://www.city.kunisaki.oita.jp/
姫島村,,http://www.himeshima.jp/
日出町,,https://www.town.hiji.lg.jp/
九重町,,https://www.town.kokonoe.oita.jp/
玖珠町,,https://www.town.kusu.oita.jp/
宮崎市,,https://www.city.miyazaki.miyazaki.jp/
都城市,,http://www.city.miyakonojo.miyazaki.jp/
延岡市,,https://www.city.nobeoka.miyazaki.jp/
日南市,,https://www.city.nichinan.lg.jp/
小林市,,http://www.city.kobayashi.lg.jp/
日向市,,https://www.hyugacity.jp/
串間市,,http://www.city.kushima.lg.jp/
西都市,,https://www.saito-city.jp/
えびの市,,https://www.city.ebino.lg.jp/
三股町,,https://www.town.mimata.lg.jp/
高原町,,https://www.town.takaharu.lg.jp/
国富町,,http://www.town.kunitomi.miyazaki.jp/
綾町,,https://www.town.aya.miyazaki.jp/ayatown/
高鍋町,,http://www.town.takanabe.lg.jp/
新富町,,http://www.town.shintomi.lg.jp/
西米良村,,https://www.vill.nishimera.lg.jp/
木城町,,http://www.kijo.jp/
川南町,,https://www.town.kawaminami.miyazaki.jp/
都農町,,https://www.town.tsuno.lg.jp/
門川町,,https://www.town.kadogawa.lg.jp/
諸塚村,,https://www.vill.morotsuka.miyazaki.jp/
椎葉村,,https://www.vill.shiiba.miyazaki.jp/
美郷町,,https://www.town.miyazaki-misato.lg.jp/
高千穂町,,https://www.town-takachiho.jp/
日之影町,,http://www.town.hinokage.lg.jp/
五ヶ瀬町,,https://www.town.gokase.miyazaki.jp/
鹿児島市,,https://www.city.kagoshima.lg.jp/
鹿屋市,,https://www.e-kanoya.net/index.html
枕崎市,,https://www.city.makurazaki.lg.jp/
阿久根市,,http://www.city.akune.kagoshima.jp/
出水市,,https://www.city.kagoshima-izumi.lg.jp/
指宿市,,https://www.city.ibusuki.lg.jp/
西之表市,,https://www.city.nishinoomote.lg.jp/
垂水市,,https://www.city.tarumizu.lg.jp/
薩摩川内市,,https://www.city.satsumasendai.lg.jp/www/index.html
日置市,,https://www.city.hioki.kagoshima.jp/
曽於市,,https://www.city.soo.kagoshima.jp/
霧島市,,https://www.city-kirishima.jp/
いちき串木野市,,https://www.city.ichikikushikino.lg.jp/
南さつま市,,http://www.city.minamisatsuma.lg.jp/
志布志市,,http://www.city.shibushi.lg.jp/
奄美市,,https://www.city.amami.lg.jp/
南九州市,,https://www.city.minamikyushu.lg.jp/
伊佐市,,https://www.city.isa.kagoshima.jp/
姶良市,,https://www.city.aira.lg.jp/
三島村,,http://mishimamura.com/
十島村,,http://www.tokara.jp/
さつま町,,https://www.satsuma-net.jp/
長島町,,https://www.town.nagashima.lg.jp/
湧水町,,https://www.town.yusui.kagoshima.jp/
大崎町,,https://www.town.kagoshima-osaki.lg.jp/
東串良町,,http://www.higashikushira.com/
錦江町,,https://www.town.kinko.lg.jp/
南大隅町,,https://www.town.minamiosumi.lg.jp/
肝付町,,https://kimotsuki-town.jp/
中種子町,,https://town.nakatane.kagoshima.jp/
南種子町,,http://www.town.minamitane.kagoshima.jp/
屋久島町,,https://www.town.yakushima.kagoshima.jp
大和村,,https://www.vill.yamato.lg.jp/
宇検村,,https://www.uken.net/
瀬戸内町,,https://www.town.setouchi.lg.jp/
龍郷町,,https://www.town.tatsugo.lg.jp/
喜界町,,https://www.town.kikai.lg.jp/
徳之島町,,https://www.tokunoshima-town.org/
天城町,,https://www.yui-amagi.com/modules/pico/
伊仙町,,http://www.town.isen.kagoshima.jp/
和泊町,,https://www.town.wadomari.lg.jp/
知名町,,https://www.town.china.lg.jp/
与論町,,http://www.yoron.jp/
那覇市,,https://www.city.naha.okinawa.jp/
宜野湾市,,http://www.city.ginowan.okinawa.jp/
石垣市,,http://www.city.ishigaki.okinawa.jp/
浦添市,,https://www.city.urasoe.lg.jp/
名護市,,http://www.city.nago.okinawa.jp/
糸満市,,https://www.city.itoman.lg.jp/
沖縄市,,https://www.city.okinawa.okinawa.jp/
豊見城市,,http://www.city.tomigusuku.okinawa.jp/
うるま市,,https://www.city.uruma.lg.jp/
宮古島市,,https://www.city.miyakojima.lg.jp/
南城市,,http://www.city.nanjo.okinawa.jp/
国頭村,,http://www.vill.kunigami.okinawa.jp/
大宜味村,,http://www.vill.ogimi.okinawa.jp/
東村,,http://www.vill.higashi.okinawa.jp/index.jsp
今帰仁村,,https://www.nakijin.jp/
本部町,,http://www.town.motobu.okinawa.jp/
恩納村,,https://www.vill.onna.okinawa.jp/
宜野座村,,http://www.vill.ginoza.okinawa.jp/
金武町,,https://www.town.kin.okinawa.jp/
伊江村,,https://www.iejima.org/
読谷村,,https://www.yomitan.jp/
嘉手納町,,http://www.town.kadena.okinawa.jp/
北谷町,,https://www.chatan.jp/
北中城村,,https://www.vill.kitanakagusuku.lg.jp/
中城村,,https://www.vill.nakagusuku.okinawa.jp/index.jsp
西原町,,http://www.town.nishihara.okinawa.jp/
与那原町,,https://www.town.yonabaru.okinawa.jp/
南風原町,,https://www.town.haebaru.lg.jp/
渡嘉敷村,,http://www.vill.tokashiki.okinawa.jp/
座間味村,,https://www.vill.zamami.okinawa.jp/
粟国村,,http://www.vill.aguni.okinawa.jp/
渡名喜村,,http://www.vill.tonaki.okinawa.jp/index.jsp
南大東村,,http://www.vill.minamidaito.okinawa.jp/
北大東村,,http://vill.kitadaito.okinawa.jp/
伊平屋村,,http://www.vill.iheya.okinawa.jp/
伊是名村,,https://vill.izena.okinawa.jp/
久米島町,,http://www.town.kumejima.okinawa.jp/
八重瀬町,,http://www.town.yaese.lg.jp/
多良間村,,http://www.vill.tarama.okinawa.jp/
竹富町,,https://www.town.taketomi.lg.jp/
与那国町,,https://www.town.yonaguni.okinawa.jp/
